"Source","Target"
"1","15"
"1","19"
"1","20"
"1","22"
"1","24"
"1","43"
"1","51"
"1","74"
"1","75"
"1","110"
"1","111"
"1","128"
"1","155"
"1","158"
"1","167"
"1","169"
"1","242"
"1","244"
"2","3"
"2","4"
"2","7"
"2","8"
"2","10"
"2","11"
"2","12"
"2","13"
"2","14"
"2","16"
"2","17"
"2","18"
"2","19"
"2","22"
"2","23"
"2","24"
"2","25"
"2","26"
"2","27"
"2","28"
"2","29"
"2","30"
"2","31"
"2","32"
"2","33"
"2","34"
"2","35"
"2","36"
"2","37"
"2","39"
"2","40"
"2","41"
"2","47"
"2","49"
"2","50"
"2","51"
"2","53"
"2","54"
"2","55"
"2","63"
"2","64"
"2","65"
"2","66"
"2","72"
"2","76"
"2","78"
"2","80"
"2","83"
"2","86"
"2","88"
"2","90"
"2","91"
"2","92"
"2","93"
"2","95"
"2","96"
"2","98"
"2","99"
"2","101"
"2","103"
"2","104"
"2","105"
"2","106"
"2","107"
"2","109"
"2","112"
"2","113"
"2","114"
"2","115"
"2","116"
"2","118"
"2","119"
"2","122"
"2","123"
"2","124"
"2","125"
"2","127"
"2","132"
"2","134"
"2","136"
"2","137"
"2","138"
"2","139"
"2","140"
"2","141"
"2","142"
"2","143"
"2","144"
"2","145"
"2","146"
"2","148"
"2","150"
"2","152"
"2","153"
"2","157"
"2","158"
"2","159"
"2","160"
"2","161"
"2","162"
"2","163"
"2","164"
"2","165"
"2","166"
"2","167"
"2","168"
"2","169"
"2","242"
"2","245"
"2","246"
"2","247"
"2","248"
"2","249"
"2","250"
"2","253"
"2","254"
"3","4"
"3","6"
"3","7"
"3","8"
"3","9"
"3","10"
"3","11"
"3","12"
"3","13"
"3","14"
"3","15"
"3","16"
"3","17"
"3","18"
"3","19"
"3","22"
"3","23"
"3","24"
"3","25"
"3","26"
"3","27"
"3","28"
"3","29"
"3","30"
"3","31"
"3","32"
"3","33"
"3","34"
"3","35"
"3","36"
"3","37"
"3","38"
"3","39"
"3","40"
"3","51"
"3","52"
"3","54"
"3","56"
"3","57"
"3","58"
"3","59"
"3","63"
"3","64"
"3","65"
"3","66"
"3","76"
"3","78"
"3","91"
"3","93"
"3","94"
"3","96"
"3","97"
"3","99"
"3","100"
"3","101"
"3","103"
"3","104"
"3","105"
"3","106"
"3","107"
"3","109"
"3","112"
"3","113"
"3","114"
"3","115"
"3","116"
"3","118"
"3","119"
"3","120"
"3","121"
"3","122"
"3","125"
"3","134"
"3","136"
"3","137"
"3","138"
"3","139"
"3","140"
"3","141"
"3","143"
"3","145"
"3","149"
"3","150"
"3","153"
"3","154"
"3","157"
"3","158"
"3","159"
"3","160"
"3","161"
"3","162"
"3","163"
"3","164"
"3","165"
"3","166"
"3","167"
"3","168"
"3","169"
"3","242"
"3","245"
"3","246"
"3","247"
"3","248"
"3","250"
"4","6"
"4","7"
"4","8"
"4","9"
"4","10"
"4","11"
"4","12"
"4","13"
"4","14"
"4","15"
"4","16"
"4","17"
"4","18"
"4","19"
"4","22"
"4","23"
"4","24"
"4","25"
"4","26"
"4","27"
"4","28"
"4","29"
"4","30"
"4","31"
"4","32"
"4","33"
"4","34"
"4","35"
"4","36"
"4","37"
"4","38"
"4","39"
"4","40"
"4","51"
"4","52"
"4","54"
"4","56"
"4","57"
"4","58"
"4","59"
"4","63"
"4","64"
"4","65"
"4","66"
"4","76"
"4","78"
"4","91"
"4","93"
"4","94"
"4","96"
"4","97"
"4","99"
"4","100"
"4","101"
"4","103"
"4","104"
"4","105"
"4","106"
"4","107"
"4","109"
"4","112"
"4","113"
"4","114"
"4","115"
"4","116"
"4","118"
"4","119"
"4","120"
"4","121"
"4","122"
"4","125"
"4","134"
"4","136"
"4","137"
"4","138"
"4","139"
"4","140"
"4","141"
"4","143"
"4","145"
"4","149"
"4","150"
"4","153"
"4","154"
"4","157"
"4","158"
"4","159"
"4","160"
"4","161"
"4","162"
"4","163"
"4","164"
"4","165"
"4","166"
"4","167"
"4","168"
"4","169"
"4","242"
"4","245"
"4","246"
"4","247"
"4","248"
"4","250"
"5","13"
"5","15"
"5","16"
"5","18"
"5","27"
"5","40"
"5","51"
"5","54"
"5","63"
"5","64"
"5","65"
"5","66"
"5","78"
"5","93"
"5","96"
"5","99"
"5","101"
"5","102"
"5","103"
"5","107"
"5","113"
"5","115"
"5","116"
"5","122"
"5","125"
"5","134"
"5","136"
"5","139"
"5","140"
"5","141"
"5","146"
"5","148"
"5","163"
"5","164"
"5","165"
"5","242"
"6","7"
"6","9"
"6","15"
"6","17"
"6","19"
"6","22"
"6","24"
"6","25"
"6","26"
"6","27"
"6","28"
"6","29"
"6","38"
"6","52"
"6","56"
"6","57"
"6","58"
"6","59"
"6","94"
"6","97"
"6","100"
"6","104"
"6","105"
"6","106"
"6","109"
"6","112"
"6","114"
"6","118"
"6","119"
"6","120"
"6","121"
"6","134"
"6","137"
"6","138"
"6","140"
"6","141"
"6","143"
"6","145"
"6","149"
"6","150"
"6","154"
"6","159"
"6","160"
"6","162"
"6","164"
"6","166"
"6","167"
"6","169"
"6","248"
"7","8"
"7","9"
"7","10"
"7","11"
"7","12"
"7","13"
"7","14"
"7","15"
"7","16"
"7","17"
"7","18"
"7","19"
"7","22"
"7","23"
"7","24"
"7","25"
"7","26"
"7","27"
"7","28"
"7","29"
"7","30"
"7","31"
"7","32"
"7","33"
"7","34"
"7","35"
"7","36"
"7","37"
"7","38"
"7","39"
"7","40"
"7","41"
"7","47"
"7","49"
"7","50"
"7","51"
"7","52"
"7","53"
"7","54"
"7","55"
"7","56"
"7","57"
"7","58"
"7","59"
"7","63"
"7","64"
"7","65"
"7","66"
"7","72"
"7","76"
"7","78"
"7","80"
"7","83"
"7","86"
"7","88"
"7","90"
"7","91"
"7","92"
"7","93"
"7","94"
"7","95"
"7","96"
"7","97"
"7","98"
"7","99"
"7","100"
"7","101"
"7","103"
"7","104"
"7","105"
"7","106"
"7","107"
"7","109"
"7","112"
"7","113"
"7","114"
"7","115"
"7","116"
"7","118"
"7","119"
"7","120"
"7","121"
"7","122"
"7","123"
"7","124"
"7","125"
"7","127"
"7","132"
"7","134"
"7","136"
"7","137"
"7","138"
"7","139"
"7","140"
"7","141"
"7","142"
"7","143"
"7","144"
"7","145"
"7","146"
"7","148"
"7","149"
"7","150"
"7","152"
"7","153"
"7","154"
"7","157"
"7","158"
"7","159"
"7","160"
"7","161"
"7","162"
"7","163"
"7","164"
"7","165"
"7","166"
"7","167"
"7","168"
"7","169"
"7","242"
"7","245"
"7","246"
"7","247"
"7","248"
"7","249"
"7","250"
"7","253"
"7","254"
"8","10"
"8","11"
"8","12"
"8","13"
"8","14"
"8","16"
"8","18"
"8","19"
"8","22"
"8","23"
"8","24"
"8","25"
"8","26"
"8","27"
"8","28"
"8","29"
"8","30"
"8","31"
"8","32"
"8","33"
"8","34"
"8","35"
"8","36"
"8","37"
"8","39"
"8","40"
"8","51"
"8","54"
"8","63"
"8","64"
"8","65"
"8","66"
"8","76"
"8","78"
"8","91"
"8","93"
"8","96"
"8","99"
"8","101"
"8","103"
"8","107"
"8","113"
"8","115"
"8","116"
"8","122"
"8","125"
"8","136"
"8","139"
"8","153"
"8","157"
"8","158"
"8","161"
"8","163"
"8","165"
"8","166"
"8","167"
"8","168"
"8","169"
"8","242"
"8","245"
"8","246"
"8","247"
"8","248"
"8","249"
"8","250"
"9","15"
"9","17"
"9","19"
"9","22"
"9","24"
"9","25"
"9","26"
"9","27"
"9","28"
"9","29"
"9","38"
"9","43"
"9","52"
"9","56"
"9","57"
"9","58"
"9","59"
"9","61"
"9","72"
"9","94"
"9","95"
"9","97"
"9","98"
"9","100"
"9","104"
"9","105"
"9","106"
"9","109"
"9","112"
"9","114"
"9","118"
"9","119"
"9","120"
"9","121"
"9","134"
"9","137"
"9","138"
"9","140"
"9","141"
"9","143"
"9","145"
"9","149"
"9","150"
"9","154"
"9","159"
"9","160"
"9","162"
"9","164"
"9","166"
"9","167"
"9","169"
"9","248"
"10","11"
"10","12"
"10","13"
"10","14"
"10","16"
"10","18"
"10","19"
"10","22"
"10","23"
"10","24"
"10","25"
"10","26"
"10","27"
"10","28"
"10","29"
"10","30"
"10","31"
"10","32"
"10","33"
"10","34"
"10","35"
"10","36"
"10","37"
"10","39"
"10","40"
"10","41"
"10","47"
"10","49"
"10","50"
"10","51"
"10","53"
"10","54"
"10","55"
"10","63"
"10","64"
"10","65"
"10","66"
"10","72"
"10","76"
"10","78"
"10","80"
"10","83"
"10","86"
"10","88"
"10","90"
"10","91"
"10","92"
"10","93"
"10","95"
"10","96"
"10","98"
"10","99"
"10","101"
"10","103"
"10","104"
"10","105"
"10","106"
"10","107"
"10","109"
"10","112"
"10","113"
"10","114"
"10","115"
"10","116"
"10","118"
"10","119"
"10","122"
"10","123"
"10","124"
"10","125"
"10","127"
"10","132"
"10","134"
"10","136"
"10","137"
"10","138"
"10","139"
"10","140"
"10","141"
"10","142"
"10","143"
"10","144"
"10","145"
"10","146"
"10","148"
"10","150"
"10","152"
"10","153"
"10","157"
"10","158"
"10","159"
"10","160"
"10","161"
"10","162"
"10","163"
"10","164"
"10","165"
"10","166"
"10","167"
"10","168"
"10","169"
"10","242"
"10","245"
"10","246"
"10","247"
"10","248"
"10","249"
"10","250"
"10","253"
"10","254"
"11","12"
"11","13"
"11","14"
"11","16"
"11","18"
"11","19"
"11","22"
"11","23"
"11","24"
"11","25"
"11","26"
"11","27"
"11","28"
"11","29"
"11","30"
"11","31"
"11","32"
"11","33"
"11","34"
"11","35"
"11","36"
"11","37"
"11","39"
"11","40"
"11","41"
"11","47"
"11","49"
"11","50"
"11","51"
"11","53"
"11","54"
"11","55"
"11","63"
"11","64"
"11","65"
"11","66"
"11","72"
"11","76"
"11","78"
"11","80"
"11","83"
"11","86"
"11","88"
"11","90"
"11","91"
"11","92"
"11","93"
"11","95"
"11","96"
"11","98"
"11","99"
"11","101"
"11","103"
"11","104"
"11","105"
"11","106"
"11","107"
"11","109"
"11","112"
"11","113"
"11","114"
"11","115"
"11","116"
"11","118"
"11","119"
"11","122"
"11","123"
"11","124"
"11","125"
"11","127"
"11","132"
"11","134"
"11","136"
"11","137"
"11","138"
"11","139"
"11","140"
"11","141"
"11","142"
"11","143"
"11","144"
"11","145"
"11","146"
"11","148"
"11","150"
"11","152"
"11","153"
"11","157"
"11","158"
"11","159"
"11","160"
"11","161"
"11","162"
"11","163"
"11","164"
"11","165"
"11","166"
"11","167"
"11","168"
"11","169"
"11","242"
"11","245"
"11","246"
"11","247"
"11","248"
"11","249"
"11","250"
"11","253"
"11","254"
"12","13"
"12","14"
"12","16"
"12","18"
"12","19"
"12","21"
"12","22"
"12","23"
"12","24"
"12","25"
"12","26"
"12","27"
"12","28"
"12","29"
"12","30"
"12","31"
"12","32"
"12","33"
"12","34"
"12","35"
"12","36"
"12","37"
"12","39"
"12","40"
"12","41"
"12","42"
"12","46"
"12","47"
"12","48"
"12","49"
"12","50"
"12","51"
"12","52"
"12","53"
"12","54"
"12","55"
"12","56"
"12","57"
"12","58"
"12","59"
"12","60"
"12","62"
"12","63"
"12","64"
"12","65"
"12","66"
"12","67"
"12","68"
"12","69"
"12","70"
"12","72"
"12","73"
"12","74"
"12","76"
"12","78"
"12","79"
"12","80"
"12","81"
"12","83"
"12","84"
"12","85"
"12","86"
"12","87"
"12","88"
"12","89"
"12","90"
"12","91"
"12","92"
"12","93"
"12","94"
"12","95"
"12","96"
"12","97"
"12","98"
"12","99"
"12","100"
"12","101"
"12","103"
"12","104"
"12","105"
"12","106"
"12","107"
"12","108"
"12","109"
"12","110"
"12","112"
"12","113"
"12","114"
"12","115"
"12","116"
"12","118"
"12","119"
"12","122"
"12","123"
"12","124"
"12","125"
"12","127"
"12","128"
"12","129"
"12","131"
"12","132"
"12","133"
"12","134"
"12","135"
"12","136"
"12","137"
"12","138"
"12","139"
"12","140"
"12","141"
"12","142"
"12","143"
"12","144"
"12","145"
"12","146"
"12","147"
"12","148"
"12","149"
"12","150"
"12","151"
"12","152"
"12","153"
"12","154"
"12","155"
"12","157"
"12","158"
"12","159"
"12","160"
"12","161"
"12","162"
"12","163"
"12","164"
"12","165"
"12","166"
"12","167"
"12","168"
"12","169"
"12","242"
"12","243"
"12","244"
"12","245"
"12","246"
"12","247"
"12","248"
"12","249"
"12","250"
"12","253"
"12","254"
"12","255"
"13","14"
"13","15"
"13","16"
"13","18"
"13","19"
"13","21"
"13","22"
"13","23"
"13","24"
"13","25"
"13","26"
"13","27"
"13","28"
"13","29"
"13","30"
"13","31"
"13","32"
"13","33"
"13","34"
"13","35"
"13","36"
"13","37"
"13","39"
"13","40"
"13","41"
"13","42"
"13","46"
"13","47"
"13","48"
"13","49"
"13","50"
"13","51"
"13","52"
"13","53"
"13","54"
"13","55"
"13","56"
"13","57"
"13","58"
"13","59"
"13","60"
"13","62"
"13","63"
"13","64"
"13","65"
"13","66"
"13","67"
"13","68"
"13","69"
"13","70"
"13","72"
"13","73"
"13","74"
"13","76"
"13","78"
"13","79"
"13","80"
"13","81"
"13","83"
"13","84"
"13","85"
"13","86"
"13","87"
"13","88"
"13","89"
"13","90"
"13","91"
"13","92"
"13","93"
"13","94"
"13","95"
"13","96"
"13","97"
"13","98"
"13","99"
"13","100"
"13","101"
"13","103"
"13","104"
"13","105"
"13","106"
"13","107"
"13","108"
"13","109"
"13","110"
"13","112"
"13","113"
"13","114"
"13","115"
"13","116"
"13","118"
"13","119"
"13","122"
"13","123"
"13","124"
"13","125"
"13","127"
"13","128"
"13","129"
"13","131"
"13","132"
"13","133"
"13","134"
"13","135"
"13","136"
"13","137"
"13","138"
"13","139"
"13","140"
"13","141"
"13","142"
"13","143"
"13","144"
"13","145"
"13","146"
"13","147"
"13","148"
"13","149"
"13","150"
"13","151"
"13","152"
"13","153"
"13","154"
"13","155"
"13","157"
"13","158"
"13","159"
"13","160"
"13","161"
"13","162"
"13","163"
"13","164"
"13","165"
"13","166"
"13","167"
"13","168"
"13","169"
"13","242"
"13","243"
"13","244"
"13","245"
"13","246"
"13","247"
"13","248"
"13","249"
"13","250"
"13","253"
"13","254"
"13","255"
"14","16"
"14","18"
"14","19"
"14","21"
"14","22"
"14","23"
"14","24"
"14","25"
"14","26"
"14","27"
"14","28"
"14","29"
"14","30"
"14","31"
"14","32"
"14","33"
"14","34"
"14","35"
"14","36"
"14","37"
"14","39"
"14","40"
"14","41"
"14","42"
"14","46"
"14","47"
"14","48"
"14","49"
"14","50"
"14","51"
"14","52"
"14","53"
"14","54"
"14","55"
"14","56"
"14","57"
"14","58"
"14","59"
"14","60"
"14","62"
"14","63"
"14","64"
"14","65"
"14","66"
"14","67"
"14","68"
"14","69"
"14","70"
"14","72"
"14","73"
"14","74"
"14","76"
"14","78"
"14","79"
"14","80"
"14","81"
"14","83"
"14","84"
"14","85"
"14","86"
"14","87"
"14","88"
"14","89"
"14","90"
"14","91"
"14","92"
"14","93"
"14","94"
"14","95"
"14","96"
"14","97"
"14","98"
"14","99"
"14","100"
"14","101"
"14","103"
"14","104"
"14","105"
"14","106"
"14","107"
"14","108"
"14","109"
"14","110"
"14","112"
"14","113"
"14","114"
"14","115"
"14","116"
"14","118"
"14","119"
"14","122"
"14","123"
"14","124"
"14","125"
"14","127"
"14","128"
"14","129"
"14","131"
"14","132"
"14","133"
"14","134"
"14","135"
"14","136"
"14","137"
"14","138"
"14","139"
"14","140"
"14","141"
"14","142"
"14","143"
"14","144"
"14","145"
"14","146"
"14","147"
"14","148"
"14","149"
"14","150"
"14","151"
"14","152"
"14","153"
"14","154"
"14","155"
"14","157"
"14","158"
"14","159"
"14","160"
"14","161"
"14","162"
"14","163"
"14","164"
"14","165"
"14","166"
"14","167"
"14","168"
"14","169"
"14","242"
"14","243"
"14","244"
"14","245"
"14","246"
"14","247"
"14","248"
"14","249"
"14","250"
"14","253"
"14","254"
"14","255"
"15","16"
"15","17"
"15","18"
"15","19"
"15","22"
"15","24"
"15","25"
"15","26"
"15","27"
"15","28"
"15","29"
"15","38"
"15","43"
"15","52"
"15","56"
"15","57"
"15","58"
"15","59"
"15","61"
"15","72"
"15","93"
"15","94"
"15","95"
"15","96"
"15","97"
"15","98"
"15","100"
"15","104"
"15","105"
"15","106"
"15","109"
"15","112"
"15","114"
"15","118"
"15","119"
"15","120"
"15","121"
"15","134"
"15","137"
"15","138"
"15","140"
"15","141"
"15","143"
"15","145"
"15","149"
"15","150"
"15","154"
"15","155"
"15","158"
"15","159"
"15","160"
"15","162"
"15","164"
"15","165"
"15","166"
"15","167"
"15","169"
"15","242"
"15","248"
"16","18"
"16","19"
"16","21"
"16","22"
"16","23"
"16","24"
"16","25"
"16","26"
"16","27"
"16","28"
"16","29"
"16","30"
"16","31"
"16","32"
"16","33"
"16","34"
"16","35"
"16","36"
"16","37"
"16","39"
"16","40"
"16","41"
"16","42"
"16","46"
"16","47"
"16","48"
"16","49"
"16","50"
"16","51"
"16","52"
"16","53"
"16","54"
"16","55"
"16","56"
"16","57"
"16","58"
"16","59"
"16","60"
"16","62"
"16","63"
"16","64"
"16","65"
"16","66"
"16","67"
"16","68"
"16","69"
"16","70"
"16","72"
"16","73"
"16","74"
"16","76"
"16","78"
"16","79"
"16","80"
"16","81"
"16","83"
"16","84"
"16","85"
"16","86"
"16","87"
"16","88"
"16","89"
"16","90"
"16","91"
"16","92"
"16","93"
"16","94"
"16","95"
"16","96"
"16","97"
"16","98"
"16","99"
"16","100"
"16","101"
"16","103"
"16","104"
"16","105"
"16","106"
"16","107"
"16","108"
"16","109"
"16","110"
"16","112"
"16","113"
"16","114"
"16","115"
"16","116"
"16","118"
"16","119"
"16","122"
"16","123"
"16","124"
"16","125"
"16","127"
"16","128"
"16","129"
"16","131"
"16","132"
"16","133"
"16","134"
"16","135"
"16","136"
"16","137"
"16","138"
"16","139"
"16","140"
"16","141"
"16","142"
"16","143"
"16","144"
"16","145"
"16","146"
"16","147"
"16","148"
"16","149"
"16","150"
"16","151"
"16","152"
"16","153"
"16","154"
"16","155"
"16","157"
"16","158"
"16","159"
"16","160"
"16","161"
"16","162"
"16","163"
"16","164"
"16","165"
"16","166"
"16","167"
"16","168"
"16","169"
"16","242"
"16","243"
"16","244"
"16","245"
"16","246"
"16","247"
"16","248"
"16","249"
"16","250"
"16","253"
"16","254"
"16","255"
"17","19"
"17","22"
"17","24"
"17","25"
"17","26"
"17","27"
"17","28"
"17","29"
"17","34"
"17","35"
"17","36"
"17","38"
"17","43"
"17","52"
"17","56"
"17","57"
"17","58"
"17","59"
"17","61"
"17","72"
"17","94"
"17","95"
"17","97"
"17","98"
"17","100"
"17","104"
"17","105"
"17","106"
"17","109"
"17","112"
"17","114"
"17","118"
"17","119"
"17","120"
"17","121"
"17","134"
"17","137"
"17","138"
"17","140"
"17","141"
"17","143"
"17","145"
"17","149"
"17","150"
"17","154"
"17","159"
"17","160"
"17","162"
"17","164"
"17","166"
"17","167"
"17","169"
"17","248"
"18","19"
"18","21"
"18","22"
"18","23"
"18","24"
"18","25"
"18","26"
"18","27"
"18","28"
"18","29"
"18","30"
"18","31"
"18","32"
"18","33"
"18","34"
"18","35"
"18","36"
"18","37"
"18","39"
"18","40"
"18","51"
"18","54"
"18","63"
"18","64"
"18","65"
"18","66"
"18","69"
"18","73"
"18","74"
"18","76"
"18","78"
"18","91"
"18","93"
"18","96"
"18","99"
"18","101"
"18","103"
"18","107"
"18","110"
"18","111"
"18","113"
"18","115"
"18","116"
"18","122"
"18","125"
"18","134"
"18","136"
"18","139"
"18","140"
"18","141"
"18","146"
"18","148"
"18","153"
"18","157"
"18","158"
"18","161"
"18","163"
"18","164"
"18","165"
"18","166"
"18","167"
"18","168"
"18","169"
"18","242"
"18","243"
"18","245"
"18","246"
"18","247"
"18","248"
"18","250"
"19","20"
"19","21"
"19","22"
"19","23"
"19","24"
"19","25"
"19","26"
"19","27"
"19","28"
"19","29"
"19","30"
"19","31"
"19","32"
"19","33"
"19","34"
"19","35"
"19","36"
"19","37"
"19","38"
"19","39"
"19","40"
"19","41"
"19","47"
"19","49"
"19","50"
"19","51"
"19","52"
"19","53"
"19","54"
"19","55"
"19","56"
"19","57"
"19","58"
"19","59"
"19","63"
"19","64"
"19","65"
"19","66"
"19","69"
"19","72"
"19","73"
"19","74"
"19","75"
"19","76"
"19","78"
"19","80"
"19","83"
"19","86"
"19","88"
"19","90"
"19","91"
"19","92"
"19","93"
"19","94"
"19","95"
"19","96"
"19","97"
"19","98"
"19","99"
"19","100"
"19","101"
"19","103"
"19","104"
"19","105"
"19","106"
"19","107"
"19","109"
"19","110"
"19","111"
"19","112"
"19","113"
"19","114"
"19","115"
"19","116"
"19","118"
"19","119"
"19","120"
"19","121"
"19","122"
"19","123"
"19","124"
"19","125"
"19","127"
"19","128"
"19","132"
"19","134"
"19","136"
"19","137"
"19","138"
"19","139"
"19","140"
"19","141"
"19","142"
"19","143"
"19","144"
"19","145"
"19","146"
"19","148"
"19","149"
"19","150"
"19","152"
"19","153"
"19","154"
"19","157"
"19","158"
"19","159"
"19","160"
"19","161"
"19","162"
"19","163"
"19","164"
"19","165"
"19","166"
"19","167"
"19","168"
"19","169"
"19","242"
"19","243"
"19","245"
"19","246"
"19","247"
"19","248"
"19","249"
"19","250"
"19","253"
"19","254"
"20","22"
"20","24"
"20","74"
"20","75"
"20","110"
"20","111"
"20","128"
"20","167"
"20","169"
"20","244"
"21","22"
"21","24"
"21","25"
"21","26"
"21","27"
"21","28"
"21","29"
"21","30"
"21","31"
"21","33"
"21","34"
"21","35"
"21","36"
"21","37"
"21","42"
"21","46"
"21","48"
"21","52"
"21","56"
"21","57"
"21","58"
"21","59"
"21","60"
"21","62"
"21","67"
"21","68"
"21","69"
"21","70"
"21","73"
"21","74"
"21","77"
"21","79"
"21","81"
"21","84"
"21","85"
"21","87"
"21","89"
"21","94"
"21","97"
"21","100"
"21","104"
"21","105"
"21","106"
"21","108"
"21","109"
"21","110"
"21","111"
"21","119"
"21","127"
"21","128"
"21","129"
"21","131"
"21","133"
"21","135"
"21","147"
"21","149"
"21","150"
"21","151"
"21","154"
"21","155"
"21","159"
"21","160"
"21","162"
"21","164"
"21","166"
"21","167"
"21","243"
"21","244"
"21","248"
"21","255"
"22","23"
"22","24"
"22","25"
"22","26"
"22","27"
"22","28"
"22","29"
"22","30"
"22","31"
"22","32"
"22","33"
"22","34"
"22","35"
"22","36"
"22","37"
"22","38"
"22","39"
"22","40"
"22","41"
"22","42"
"22","46"
"22","47"
"22","48"
"22","49"
"22","50"
"22","51"
"22","52"
"22","53"
"22","54"
"22","55"
"22","56"
"22","57"
"22","58"
"22","59"
"22","60"
"22","62"
"22","63"
"22","64"
"22","65"
"22","66"
"22","67"
"22","68"
"22","69"
"22","70"
"22","71"
"22","72"
"22","73"
"22","74"
"22","75"
"22","76"
"22","77"
"22","78"
"22","79"
"22","80"
"22","81"
"22","83"
"22","84"
"22","85"
"22","86"
"22","87"
"22","88"
"22","89"
"22","90"
"22","91"
"22","92"
"22","93"
"22","94"
"22","95"
"22","96"
"22","97"
"22","98"
"22","99"
"22","100"
"22","101"
"22","103"
"22","104"
"22","105"
"22","106"
"22","107"
"22","108"
"22","109"
"22","110"
"22","111"
"22","112"
"22","113"
"22","114"
"22","115"
"22","116"
"22","118"
"22","119"
"22","120"
"22","121"
"22","122"
"22","123"
"22","124"
"22","125"
"22","127"
"22","128"
"22","129"
"22","131"
"22","132"
"22","133"
"22","134"
"22","135"
"22","136"
"22","137"
"22","138"
"22","139"
"22","140"
"22","141"
"22","142"
"22","143"
"22","144"
"22","145"
"22","146"
"22","147"
"22","148"
"22","149"
"22","150"
"22","151"
"22","152"
"22","153"
"22","154"
"22","155"
"22","157"
"22","158"
"22","159"
"22","160"
"22","161"
"22","162"
"22","163"
"22","164"
"22","165"
"22","166"
"22","167"
"22","168"
"22","169"
"22","242"
"22","243"
"22","244"
"22","245"
"22","246"
"22","247"
"22","248"
"22","249"
"22","250"
"22","251"
"22","252"
"22","253"
"22","254"
"22","255"
"22","256"
"23","24"
"23","25"
"23","26"
"23","27"
"23","28"
"23","29"
"23","30"
"23","31"
"23","32"
"23","33"
"23","34"
"23","35"
"23","36"
"23","37"
"23","39"
"23","40"
"23","51"
"23","54"
"23","63"
"23","64"
"23","65"
"23","66"
"23","76"
"23","78"
"23","91"
"23","93"
"23","96"
"23","99"
"23","101"
"23","103"
"23","107"
"23","113"
"23","115"
"23","116"
"23","122"
"23","125"
"23","136"
"23","139"
"23","153"
"23","157"
"23","158"
"23","161"
"23","163"
"23","165"
"23","166"
"23","167"
"23","168"
"23","169"
"23","242"
"23","245"
"23","246"
"23","247"
"23","248"
"23","250"
"24","25"
"24","26"
"24","27"
"24","28"
"24","29"
"24","30"
"24","31"
"24","32"
"24","33"
"24","34"
"24","35"
"24","36"
"24","37"
"24","38"
"24","39"
"24","40"
"24","41"
"24","42"
"24","46"
"24","47"
"24","48"
"24","49"
"24","50"
"24","51"
"24","52"
"24","53"
"24","54"
"24","55"
"24","56"
"24","57"
"24","58"
"24","59"
"24","60"
"24","62"
"24","63"
"24","64"
"24","65"
"24","66"
"24","67"
"24","68"
"24","69"
"24","70"
"24","71"
"24","72"
"24","73"
"24","74"
"24","75"
"24","76"
"24","77"
"24","78"
"24","79"
"24","80"
"24","81"
"24","83"
"24","84"
"24","85"
"24","86"
"24","87"
"24","88"
"24","89"
"24","90"
"24","91"
"24","92"
"24","93"
"24","94"
"24","95"
"24","96"
"24","97"
"24","98"
"24","99"
"24","100"
"24","101"
"24","103"
"24","104"
"24","105"
"24","106"
"24","107"
"24","108"
"24","109"
"24","110"
"24","111"
"24","112"
"24","113"
"24","114"
"24","115"
"24","116"
"24","118"
"24","119"
"24","120"
"24","121"
"24","122"
"24","123"
"24","124"
"24","125"
"24","127"
"24","128"
"24","129"
"24","131"
"24","132"
"24","133"
"24","134"
"24","135"
"24","136"
"24","137"
"24","138"
"24","139"
"24","140"
"24","141"
"24","142"
"24","143"
"24","144"
"24","145"
"24","146"
"24","147"
"24","148"
"24","149"
"24","150"
"24","151"
"24","152"
"24","153"
"24","154"
"24","155"
"24","157"
"24","158"
"24","159"
"24","160"
"24","161"
"24","162"
"24","163"
"24","164"
"24","165"
"24","166"
"24","167"
"24","168"
"24","169"
"24","242"
"24","243"
"24","244"
"24","245"
"24","246"
"24","247"
"24","248"
"24","249"
"24","250"
"24","251"
"24","252"
"24","253"
"24","254"
"24","255"
"24","256"
"25","26"
"25","27"
"25","28"
"25","29"
"25","30"
"25","31"
"25","32"
"25","33"
"25","34"
"25","35"
"25","36"
"25","37"
"25","38"
"25","39"
"25","40"
"25","41"
"25","42"
"25","43"
"25","46"
"25","47"
"25","48"
"25","49"
"25","50"
"25","51"
"25","52"
"25","53"
"25","54"
"25","55"
"25","56"
"25","57"
"25","58"
"25","59"
"25","60"
"25","61"
"25","62"
"25","63"
"25","64"
"25","65"
"25","66"
"25","67"
"25","68"
"25","69"
"25","70"
"25","71"
"25","72"
"25","73"
"25","74"
"25","76"
"25","77"
"25","78"
"25","79"
"25","80"
"25","81"
"25","83"
"25","84"
"25","85"
"25","86"
"25","87"
"25","88"
"25","89"
"25","90"
"25","91"
"25","92"
"25","93"
"25","94"
"25","95"
"25","96"
"25","97"
"25","98"
"25","99"
"25","100"
"25","101"
"25","103"
"25","104"
"25","105"
"25","106"
"25","107"
"25","108"
"25","109"
"25","110"
"25","112"
"25","113"
"25","114"
"25","115"
"25","116"
"25","118"
"25","119"
"25","120"
"25","121"
"25","122"
"25","123"
"25","124"
"25","125"
"25","127"
"25","128"
"25","129"
"25","131"
"25","132"
"25","133"
"25","134"
"25","135"
"25","136"
"25","137"
"25","138"
"25","139"
"25","140"
"25","141"
"25","142"
"25","143"
"25","144"
"25","145"
"25","146"
"25","147"
"25","148"
"25","149"
"25","150"
"25","151"
"25","152"
"25","153"
"25","154"
"25","155"
"25","157"
"25","158"
"25","159"
"25","160"
"25","161"
"25","162"
"25","163"
"25","164"
"25","165"
"25","166"
"25","167"
"25","168"
"25","169"
"25","242"
"25","243"
"25","244"
"25","245"
"25","246"
"25","247"
"25","248"
"25","249"
"25","250"
"25","251"
"25","252"
"25","253"
"25","254"
"25","255"
"25","256"
"26","27"
"26","28"
"26","29"
"26","30"
"26","31"
"26","32"
"26","33"
"26","34"
"26","35"
"26","36"
"26","37"
"26","38"
"26","39"
"26","40"
"26","41"
"26","42"
"26","46"
"26","47"
"26","48"
"26","49"
"26","50"
"26","51"
"26","52"
"26","53"
"26","54"
"26","55"
"26","56"
"26","57"
"26","58"
"26","59"
"26","60"
"26","62"
"26","63"
"26","64"
"26","65"
"26","66"
"26","67"
"26","68"
"26","69"
"26","70"
"26","71"
"26","72"
"26","73"
"26","74"
"26","76"
"26","77"
"26","78"
"26","79"
"26","80"
"26","81"
"26","83"
"26","84"
"26","85"
"26","86"
"26","87"
"26","88"
"26","89"
"26","90"
"26","91"
"26","92"
"26","93"
"26","94"
"26","95"
"26","96"
"26","97"
"26","98"
"26","99"
"26","100"
"26","101"
"26","103"
"26","104"
"26","105"
"26","106"
"26","107"
"26","108"
"26","109"
"26","110"
"26","112"
"26","113"
"26","114"
"26","115"
"26","116"
"26","118"
"26","119"
"26","120"
"26","121"
"26","122"
"26","123"
"26","124"
"26","125"
"26","127"
"26","128"
"26","129"
"26","131"
"26","132"
"26","133"
"26","134"
"26","135"
"26","136"
"26","137"
"26","138"
"26","139"
"26","140"
"26","141"
"26","142"
"26","143"
"26","144"
"26","145"
"26","146"
"26","147"
"26","148"
"26","149"
"26","150"
"26","151"
"26","152"
"26","153"
"26","154"
"26","155"
"26","157"
"26","158"
"26","159"
"26","160"
"26","161"
"26","162"
"26","163"
"26","164"
"26","165"
"26","166"
"26","167"
"26","168"
"26","169"
"26","242"
"26","243"
"26","244"
"26","245"
"26","246"
"26","247"
"26","248"
"26","249"
"26","250"
"26","251"
"26","252"
"26","253"
"26","254"
"26","255"
"26","256"
"27","28"
"27","29"
"27","30"
"27","31"
"27","32"
"27","33"
"27","34"
"27","35"
"27","36"
"27","37"
"27","38"
"27","39"
"27","40"
"27","41"
"27","42"
"27","46"
"27","47"
"27","48"
"27","49"
"27","50"
"27","51"
"27","52"
"27","53"
"27","54"
"27","55"
"27","56"
"27","57"
"27","58"
"27","59"
"27","60"
"27","62"
"27","63"
"27","64"
"27","65"
"27","66"
"27","67"
"27","68"
"27","69"
"27","70"
"27","71"
"27","72"
"27","73"
"27","74"
"27","76"
"27","77"
"27","78"
"27","79"
"27","80"
"27","81"
"27","83"
"27","84"
"27","85"
"27","86"
"27","87"
"27","88"
"27","89"
"27","90"
"27","91"
"27","92"
"27","93"
"27","94"
"27","95"
"27","96"
"27","97"
"27","98"
"27","99"
"27","100"
"27","101"
"27","102"
"27","103"
"27","104"
"27","105"
"27","106"
"27","107"
"27","108"
"27","109"
"27","110"
"27","112"
"27","113"
"27","114"
"27","115"
"27","116"
"27","118"
"27","119"
"27","120"
"27","121"
"27","122"
"27","123"
"27","124"
"27","125"
"27","127"
"27","128"
"27","129"
"27","131"
"27","132"
"27","133"
"27","134"
"27","135"
"27","136"
"27","137"
"27","138"
"27","139"
"27","140"
"27","141"
"27","142"
"27","143"
"27","144"
"27","145"
"27","146"
"27","147"
"27","148"
"27","149"
"27","150"
"27","151"
"27","152"
"27","153"
"27","154"
"27","155"
"27","157"
"27","158"
"27","159"
"27","160"
"27","161"
"27","162"
"27","163"
"27","164"
"27","165"
"27","166"
"27","167"
"27","168"
"27","169"
"27","242"
"27","243"
"27","244"
"27","245"
"27","246"
"27","247"
"27","248"
"27","249"
"27","250"
"27","251"
"27","252"
"27","253"
"27","254"
"27","255"
"27","256"
"28","29"
"28","30"
"28","31"
"28","32"
"28","33"
"28","34"
"28","35"
"28","36"
"28","37"
"28","38"
"28","39"
"28","40"
"28","41"
"28","42"
"28","46"
"28","47"
"28","48"
"28","49"
"28","50"
"28","51"
"28","52"
"28","53"
"28","54"
"28","55"
"28","56"
"28","57"
"28","58"
"28","59"
"28","60"
"28","62"
"28","63"
"28","64"
"28","65"
"28","66"
"28","67"
"28","68"
"28","69"
"28","70"
"28","71"
"28","72"
"28","73"
"28","74"
"28","76"
"28","77"
"28","78"
"28","79"
"28","80"
"28","81"
"28","83"
"28","84"
"28","85"
"28","86"
"28","87"
"28","88"
"28","89"
"28","90"
"28","91"
"28","92"
"28","93"
"28","94"
"28","95"
"28","96"
"28","97"
"28","98"
"28","99"
"28","100"
"28","101"
"28","103"
"28","104"
"28","105"
"28","106"
"28","107"
"28","108"
"28","109"
"28","110"
"28","112"
"28","113"
"28","114"
"28","115"
"28","116"
"28","118"
"28","119"
"28","120"
"28","121"
"28","122"
"28","123"
"28","124"
"28","125"
"28","127"
"28","128"
"28","129"
"28","131"
"28","132"
"28","133"
"28","134"
"28","135"
"28","136"
"28","137"
"28","138"
"28","139"
"28","140"
"28","141"
"28","142"
"28","143"
"28","144"
"28","145"
"28","146"
"28","147"
"28","148"
"28","149"
"28","150"
"28","151"
"28","152"
"28","153"
"28","154"
"28","155"
"28","157"
"28","158"
"28","159"
"28","160"
"28","161"
"28","162"
"28","163"
"28","164"
"28","165"
"28","166"
"28","167"
"28","168"
"28","169"
"28","242"
"28","243"
"28","244"
"28","245"
"28","246"
"28","247"
"28","248"
"28","249"
"28","250"
"28","251"
"28","252"
"28","253"
"28","254"
"28","255"
"28","256"
"29","30"
"29","31"
"29","32"
"29","33"
"29","34"
"29","35"
"29","36"
"29","37"
"29","38"
"29","39"
"29","40"
"29","41"
"29","42"
"29","43"
"29","46"
"29","47"
"29","48"
"29","49"
"29","50"
"29","51"
"29","52"
"29","53"
"29","54"
"29","55"
"29","56"
"29","57"
"29","58"
"29","59"
"29","60"
"29","61"
"29","62"
"29","63"
"29","64"
"29","65"
"29","66"
"29","67"
"29","68"
"29","69"
"29","70"
"29","71"
"29","72"
"29","73"
"29","74"
"29","76"
"29","77"
"29","78"
"29","79"
"29","80"
"29","81"
"29","83"
"29","84"
"29","85"
"29","86"
"29","87"
"29","88"
"29","89"
"29","90"
"29","91"
"29","92"
"29","93"
"29","94"
"29","95"
"29","96"
"29","97"
"29","98"
"29","99"
"29","100"
"29","101"
"29","103"
"29","104"
"29","105"
"29","106"
"29","107"
"29","108"
"29","109"
"29","110"
"29","112"
"29","113"
"29","114"
"29","115"
"29","116"
"29","118"
"29","119"
"29","120"
"29","121"
"29","122"
"29","123"
"29","124"
"29","125"
"29","127"
"29","128"
"29","129"
"29","131"
"29","132"
"29","133"
"29","134"
"29","135"
"29","136"
"29","137"
"29","138"
"29","139"
"29","140"
"29","141"
"29","142"
"29","143"
"29","144"
"29","145"
"29","146"
"29","147"
"29","148"
"29","149"
"29","150"
"29","151"
"29","152"
"29","153"
"29","154"
"29","155"
"29","157"
"29","158"
"29","159"
"29","160"
"29","161"
"29","162"
"29","163"
"29","164"
"29","165"
"29","166"
"29","167"
"29","168"
"29","169"
"29","242"
"29","243"
"29","244"
"29","245"
"29","246"
"29","247"
"29","248"
"29","249"
"29","250"
"29","251"
"29","252"
"29","253"
"29","254"
"29","255"
"29","256"
"30","31"
"30","32"
"30","33"
"30","34"
"30","35"
"30","36"
"30","37"
"30","39"
"30","40"
"30","41"
"30","42"
"30","46"
"30","47"
"30","48"
"30","49"
"30","50"
"30","51"
"30","52"
"30","53"
"30","54"
"30","55"
"30","56"
"30","57"
"30","58"
"30","59"
"30","60"
"30","62"
"30","63"
"30","64"
"30","65"
"30","66"
"30","67"
"30","68"
"30","69"
"30","70"
"30","71"
"30","72"
"30","73"
"30","74"
"30","76"
"30","77"
"30","78"
"30","79"
"30","80"
"30","81"
"30","83"
"30","84"
"30","85"
"30","86"
"30","87"
"30","88"
"30","89"
"30","90"
"30","91"
"30","92"
"30","93"
"30","94"
"30","95"
"30","96"
"30","97"
"30","98"
"30","99"
"30","100"
"30","101"
"30","103"
"30","104"
"30","105"
"30","106"
"30","107"
"30","108"
"30","109"
"30","110"
"30","112"
"30","113"
"30","114"
"30","115"
"30","116"
"30","118"
"30","119"
"30","122"
"30","123"
"30","124"
"30","125"
"30","127"
"30","128"
"30","129"
"30","131"
"30","132"
"30","133"
"30","134"
"30","135"
"30","136"
"30","137"
"30","138"
"30","139"
"30","140"
"30","141"
"30","142"
"30","143"
"30","144"
"30","145"
"30","146"
"30","147"
"30","148"
"30","149"
"30","150"
"30","151"
"30","152"
"30","153"
"30","154"
"30","155"
"30","157"
"30","158"
"30","159"
"30","160"
"30","161"
"30","162"
"30","163"
"30","164"
"30","165"
"30","166"
"30","167"
"30","168"
"30","169"
"30","242"
"30","243"
"30","244"
"30","245"
"30","246"
"30","247"
"30","248"
"30","249"
"30","250"
"30","251"
"30","252"
"30","253"
"30","254"
"30","255"
"30","256"
"31","32"
"31","33"
"31","34"
"31","35"
"31","36"
"31","37"
"31","39"
"31","40"
"31","41"
"31","42"
"31","46"
"31","47"
"31","48"
"31","49"
"31","50"
"31","51"
"31","52"
"31","53"
"31","54"
"31","55"
"31","56"
"31","57"
"31","58"
"31","59"
"31","60"
"31","62"
"31","63"
"31","64"
"31","65"
"31","66"
"31","67"
"31","68"
"31","69"
"31","70"
"31","71"
"31","72"
"31","73"
"31","74"
"31","75"
"31","76"
"31","77"
"31","78"
"31","79"
"31","80"
"31","81"
"31","83"
"31","84"
"31","85"
"31","86"
"31","87"
"31","88"
"31","89"
"31","90"
"31","91"
"31","92"
"31","93"
"31","94"
"31","95"
"31","96"
"31","97"
"31","98"
"31","99"
"31","100"
"31","101"
"31","103"
"31","104"
"31","105"
"31","106"
"31","107"
"31","108"
"31","109"
"31","110"
"31","112"
"31","113"
"31","114"
"31","115"
"31","116"
"31","118"
"31","119"
"31","122"
"31","123"
"31","124"
"31","125"
"31","127"
"31","128"
"31","129"
"31","131"
"31","132"
"31","133"
"31","134"
"31","135"
"31","136"
"31","137"
"31","138"
"31","139"
"31","140"
"31","141"
"31","142"
"31","143"
"31","144"
"31","145"
"31","146"
"31","147"
"31","148"
"31","149"
"31","150"
"31","151"
"31","152"
"31","153"
"31","154"
"31","155"
"31","157"
"31","158"
"31","159"
"31","160"
"31","161"
"31","162"
"31","163"
"31","164"
"31","165"
"31","166"
"31","167"
"31","168"
"31","169"
"31","242"
"31","243"
"31","244"
"31","245"
"31","246"
"31","247"
"31","248"
"31","249"
"31","250"
"31","251"
"31","252"
"31","253"
"31","254"
"31","255"
"31","256"
"32","33"
"32","34"
"32","35"
"32","36"
"32","37"
"32","39"
"32","40"
"32","51"
"32","54"
"32","63"
"32","64"
"32","65"
"32","66"
"32","75"
"32","76"
"32","78"
"32","91"
"32","93"
"32","96"
"32","99"
"32","101"
"32","103"
"32","107"
"32","113"
"32","115"
"32","116"
"32","122"
"32","125"
"32","136"
"32","139"
"32","153"
"32","157"
"32","158"
"32","161"
"32","163"
"32","165"
"32","166"
"32","167"
"32","168"
"32","169"
"32","242"
"32","245"
"32","246"
"32","247"
"32","248"
"32","249"
"32","250"
"32","251"
"32","252"
"32","253"
"32","254"
"33","34"
"33","35"
"33","36"
"33","37"
"33","39"
"33","40"
"33","41"
"33","42"
"33","46"
"33","47"
"33","48"
"33","49"
"33","50"
"33","51"
"33","52"
"33","53"
"33","54"
"33","55"
"33","56"
"33","57"
"33","58"
"33","59"
"33","60"
"33","62"
"33","63"
"33","64"
"33","65"
"33","66"
"33","67"
"33","68"
"33","69"
"33","70"
"33","71"
"33","72"
"33","73"
"33","74"
"33","76"
"33","77"
"33","78"
"33","79"
"33","80"
"33","81"
"33","83"
"33","84"
"33","85"
"33","86"
"33","87"
"33","88"
"33","89"
"33","90"
"33","91"
"33","92"
"33","93"
"33","94"
"33","95"
"33","96"
"33","97"
"33","98"
"33","99"
"33","100"
"33","101"
"33","103"
"33","104"
"33","105"
"33","106"
"33","107"
"33","108"
"33","109"
"33","110"
"33","112"
"33","113"
"33","114"
"33","115"
"33","116"
"33","118"
"33","119"
"33","122"
"33","123"
"33","124"
"33","125"
"33","127"
"33","128"
"33","129"
"33","131"
"33","132"
"33","133"
"33","134"
"33","135"
"33","136"
"33","137"
"33","138"
"33","139"
"33","140"
"33","141"
"33","142"
"33","143"
"33","144"
"33","145"
"33","146"
"33","147"
"33","148"
"33","149"
"33","150"
"33","151"
"33","152"
"33","153"
"33","154"
"33","155"
"33","157"
"33","158"
"33","159"
"33","160"
"33","161"
"33","162"
"33","163"
"33","164"
"33","165"
"33","166"
"33","167"
"33","168"
"33","169"
"33","242"
"33","243"
"33","244"
"33","245"
"33","246"
"33","247"
"33","248"
"33","249"
"33","250"
"33","251"
"33","252"
"33","253"
"33","254"
"33","255"
"33","256"
"34","35"
"34","36"
"34","37"
"34","39"
"34","40"
"34","41"
"34","42"
"34","46"
"34","47"
"34","48"
"34","49"
"34","50"
"34","51"
"34","52"
"34","53"
"34","54"
"34","55"
"34","56"
"34","57"
"34","58"
"34","59"
"34","60"
"34","62"
"34","63"
"34","64"
"34","65"
"34","66"
"34","67"
"34","68"
"34","69"
"34","70"
"34","71"
"34","72"
"34","73"
"34","74"
"34","76"
"34","77"
"34","78"
"34","79"
"34","80"
"34","81"
"34","83"
"34","84"
"34","85"
"34","86"
"34","87"
"34","88"
"34","89"
"34","90"
"34","91"
"34","92"
"34","93"
"34","94"
"34","95"
"34","96"
"34","97"
"34","98"
"34","99"
"34","100"
"34","101"
"34","103"
"34","104"
"34","105"
"34","106"
"34","107"
"34","108"
"34","109"
"34","110"
"34","112"
"34","113"
"34","114"
"34","115"
"34","116"
"34","118"
"34","119"
"34","122"
"34","123"
"34","124"
"34","125"
"34","127"
"34","128"
"34","129"
"34","131"
"34","132"
"34","133"
"34","134"
"34","135"
"34","136"
"34","137"
"34","138"
"34","139"
"34","140"
"34","141"
"34","142"
"34","143"
"34","144"
"34","145"
"34","146"
"34","147"
"34","148"
"34","149"
"34","150"
"34","151"
"34","152"
"34","153"
"34","154"
"34","155"
"34","157"
"34","158"
"34","159"
"34","160"
"34","161"
"34","162"
"34","163"
"34","164"
"34","165"
"34","166"
"34","167"
"34","168"
"34","169"
"34","242"
"34","243"
"34","244"
"34","245"
"34","246"
"34","247"
"34","248"
"34","249"
"34","250"
"34","251"
"34","252"
"34","253"
"34","254"
"34","255"
"34","256"
"35","36"
"35","37"
"35","39"
"35","40"
"35","41"
"35","42"
"35","46"
"35","47"
"35","48"
"35","49"
"35","50"
"35","51"
"35","52"
"35","53"
"35","54"
"35","55"
"35","56"
"35","57"
"35","58"
"35","59"
"35","60"
"35","62"
"35","63"
"35","64"
"35","65"
"35","66"
"35","67"
"35","68"
"35","69"
"35","70"
"35","71"
"35","72"
"35","73"
"35","74"
"35","76"
"35","77"
"35","78"
"35","79"
"35","80"
"35","81"
"35","83"
"35","84"
"35","85"
"35","86"
"35","87"
"35","88"
"35","89"
"35","90"
"35","91"
"35","92"
"35","93"
"35","94"
"35","95"
"35","96"
"35","97"
"35","98"
"35","99"
"35","100"
"35","101"
"35","103"
"35","104"
"35","105"
"35","106"
"35","107"
"35","108"
"35","109"
"35","110"
"35","112"
"35","113"
"35","114"
"35","115"
"35","116"
"35","118"
"35","119"
"35","122"
"35","123"
"35","124"
"35","125"
"35","127"
"35","128"
"35","129"
"35","131"
"35","132"
"35","133"
"35","134"
"35","135"
"35","136"
"35","137"
"35","138"
"35","139"
"35","140"
"35","141"
"35","142"
"35","143"
"35","144"
"35","145"
"35","146"
"35","147"
"35","148"
"35","149"
"35","150"
"35","151"
"35","152"
"35","153"
"35","154"
"35","155"
"35","157"
"35","158"
"35","159"
"35","160"
"35","161"
"35","162"
"35","163"
"35","164"
"35","165"
"35","166"
"35","167"
"35","168"
"35","169"
"35","242"
"35","243"
"35","244"
"35","245"
"35","246"
"35","247"
"35","248"
"35","249"
"35","250"
"35","251"
"35","252"
"35","253"
"35","254"
"35","255"
"35","256"
"36","37"
"36","39"
"36","40"
"36","41"
"36","42"
"36","46"
"36","47"
"36","48"
"36","49"
"36","50"
"36","51"
"36","52"
"36","53"
"36","54"
"36","55"
"36","56"
"36","57"
"36","58"
"36","59"
"36","60"
"36","62"
"36","63"
"36","64"
"36","65"
"36","66"
"36","67"
"36","68"
"36","69"
"36","70"
"36","71"
"36","72"
"36","73"
"36","74"
"36","76"
"36","77"
"36","78"
"36","79"
"36","80"
"36","81"
"36","83"
"36","84"
"36","85"
"36","86"
"36","87"
"36","88"
"36","89"
"36","90"
"36","91"
"36","92"
"36","93"
"36","94"
"36","95"
"36","96"
"36","97"
"36","98"
"36","99"
"36","100"
"36","101"
"36","103"
"36","104"
"36","105"
"36","106"
"36","107"
"36","108"
"36","109"
"36","110"
"36","112"
"36","113"
"36","114"
"36","115"
"36","116"
"36","118"
"36","119"
"36","122"
"36","123"
"36","124"
"36","125"
"36","127"
"36","128"
"36","129"
"36","131"
"36","132"
"36","133"
"36","134"
"36","135"
"36","136"
"36","137"
"36","138"
"36","139"
"36","140"
"36","141"
"36","142"
"36","143"
"36","144"
"36","145"
"36","146"
"36","147"
"36","148"
"36","149"
"36","150"
"36","151"
"36","152"
"36","153"
"36","154"
"36","155"
"36","157"
"36","158"
"36","159"
"36","160"
"36","161"
"36","162"
"36","163"
"36","164"
"36","165"
"36","166"
"36","167"
"36","168"
"36","169"
"36","242"
"36","243"
"36","244"
"36","245"
"36","246"
"36","247"
"36","248"
"36","249"
"36","250"
"36","251"
"36","252"
"36","253"
"36","254"
"36","255"
"36","256"
"37","39"
"37","40"
"37","41"
"37","42"
"37","46"
"37","47"
"37","48"
"37","49"
"37","50"
"37","51"
"37","52"
"37","53"
"37","54"
"37","55"
"37","56"
"37","57"
"37","58"
"37","59"
"37","60"
"37","62"
"37","63"
"37","64"
"37","65"
"37","66"
"37","67"
"37","68"
"37","69"
"37","70"
"37","71"
"37","72"
"37","73"
"37","74"
"37","76"
"37","78"
"37","79"
"37","80"
"37","81"
"37","83"
"37","84"
"37","85"
"37","86"
"37","87"
"37","88"
"37","89"
"37","90"
"37","91"
"37","92"
"37","93"
"37","94"
"37","95"
"37","96"
"37","97"
"37","98"
"37","99"
"37","100"
"37","101"
"37","103"
"37","104"
"37","105"
"37","106"
"37","107"
"37","108"
"37","109"
"37","110"
"37","112"
"37","113"
"37","114"
"37","115"
"37","116"
"37","118"
"37","119"
"37","122"
"37","123"
"37","124"
"37","125"
"37","127"
"37","128"
"37","129"
"37","131"
"37","132"
"37","133"
"37","134"
"37","135"
"37","136"
"37","137"
"37","138"
"37","139"
"37","140"
"37","141"
"37","142"
"37","143"
"37","144"
"37","145"
"37","146"
"37","147"
"37","148"
"37","149"
"37","150"
"37","151"
"37","152"
"37","153"
"37","154"
"37","155"
"37","157"
"37","158"
"37","159"
"37","160"
"37","161"
"37","162"
"37","163"
"37","164"
"37","165"
"37","166"
"37","167"
"37","168"
"37","169"
"37","242"
"37","243"
"37","244"
"37","245"
"37","246"
"37","247"
"37","248"
"37","249"
"37","250"
"37","251"
"37","252"
"37","253"
"37","254"
"37","255"
"37","256"
"38","52"
"38","56"
"38","57"
"38","58"
"38","59"
"38","94"
"38","97"
"38","100"
"38","104"
"38","105"
"38","106"
"38","109"
"38","112"
"38","114"
"38","118"
"38","119"
"38","120"
"38","121"
"38","134"
"38","137"
"38","138"
"38","140"
"38","141"
"38","143"
"38","145"
"38","149"
"38","150"
"38","154"
"38","159"
"38","160"
"38","162"
"38","164"
"38","166"
"38","167"
"38","169"
"38","248"
"39","40"
"39","51"
"39","54"
"39","63"
"39","64"
"39","65"
"39","66"
"39","76"
"39","78"
"39","91"
"39","93"
"39","96"
"39","99"
"39","101"
"39","103"
"39","107"
"39","113"
"39","115"
"39","116"
"39","122"
"39","125"
"39","136"
"39","139"
"39","153"
"39","157"
"39","158"
"39","161"
"39","163"
"39","165"
"39","166"
"39","167"
"39","168"
"39","169"
"39","242"
"39","245"
"39","246"
"39","247"
"39","248"
"39","249"
"39","250"
"40","51"
"40","54"
"40","63"
"40","64"
"40","65"
"40","66"
"40","76"
"40","78"
"40","91"
"40","93"
"40","96"
"40","99"
"40","101"
"40","102"
"40","103"
"40","107"
"40","113"
"40","115"
"40","116"
"40","122"
"40","125"
"40","136"
"40","139"
"40","153"
"40","157"
"40","158"
"40","161"
"40","163"
"40","165"
"40","166"
"40","167"
"40","168"
"40","169"
"40","242"
"40","245"
"40","246"
"40","247"
"40","248"
"40","249"
"40","250"
"41","47"
"41","49"
"41","50"
"41","53"
"41","55"
"41","72"
"41","80"
"41","83"
"41","86"
"41","88"
"41","90"
"41","92"
"41","95"
"41","98"
"41","104"
"41","105"
"41","106"
"41","109"
"41","112"
"41","114"
"41","118"
"41","119"
"41","123"
"41","124"
"41","127"
"41","132"
"41","134"
"41","137"
"41","138"
"41","140"
"41","141"
"41","142"
"41","143"
"41","144"
"41","145"
"41","146"
"41","148"
"41","150"
"41","152"
"41","159"
"41","160"
"41","162"
"41","164"
"41","166"
"41","167"
"41","168"
"41","169"
"41","248"
"41","253"
"41","254"
"42","46"
"42","48"
"42","52"
"42","56"
"42","57"
"42","58"
"42","59"
"42","60"
"42","62"
"42","67"
"42","68"
"42","69"
"42","70"
"42","71"
"42","73"
"42","74"
"42","79"
"42","81"
"42","84"
"42","85"
"42","87"
"42","89"
"42","94"
"42","97"
"42","100"
"42","104"
"42","105"
"42","106"
"42","108"
"42","109"
"42","110"
"42","119"
"42","127"
"42","128"
"42","129"
"42","131"
"42","133"
"42","135"
"42","147"
"42","149"
"42","150"
"42","151"
"42","154"
"42","155"
"42","159"
"42","160"
"42","162"
"42","164"
"42","166"
"42","167"
"42","243"
"42","244"
"42","248"
"42","251"
"42","252"
"42","255"
"42","256"
"43","56"
"43","61"
"43","71"
"43","72"
"43","95"
"43","98"
"43","104"
"43","105"
"43","155"
"43","158"
"43","242"
"44","45"
"44","47"
"44","48"
"44","94"
"44","97"
"44","100"
"44","104"
"44","105"
"44","106"
"44","119"
"44","127"
"44","129"
"44","132"
"44","142"
"44","144"
"44","150"
"44","151"
"44","154"
"44","159"
"44","160"
"44","162"
"44","164"
"44","167"
"44","255"
"44","256"
"45","47"
"45","48"
"45","56"
"45","57"
"45","58"
"45","59"
"45","60"
"45","61"
"45","62"
"45","67"
"45","68"
"45","70"
"45","71"
"45","72"
"45","79"
"45","81"
"45","82"
"45","84"
"45","85"
"45","87"
"45","89"
"45","94"
"45","97"
"45","98"
"45","100"
"45","104"
"45","105"
"45","106"
"45","108"
"45","109"
"45","119"
"45","127"
"45","128"
"45","129"
"45","130"
"45","132"
"45","142"
"45","144"
"45","146"
"45","148"
"45","149"
"45","150"
"45","151"
"45","154"
"45","156"
"45","159"
"45","160"
"45","162"
"45","164"
"45","167"
"45","255"
"45","256"
"46","48"
"46","52"
"46","56"
"46","57"
"46","58"
"46","59"
"46","60"
"46","62"
"46","67"
"46","68"
"46","69"
"46","70"
"46","71"
"46","73"
"46","74"
"46","79"
"46","81"
"46","84"
"46","85"
"46","87"
"46","89"
"46","94"
"46","97"
"46","100"
"46","104"
"46","105"
"46","106"
"46","108"
"46","109"
"46","110"
"46","119"
"46","127"
"46","128"
"46","129"
"46","131"
"46","133"
"46","135"
"46","147"
"46","149"
"46","150"
"46","151"
"46","154"
"46","155"
"46","159"
"46","160"
"46","162"
"46","164"
"46","166"
"46","167"
"46","243"
"46","244"
"46","248"
"46","251"
"46","252"
"46","255"
"46","256"
"47","48"
"47","49"
"47","50"
"47","53"
"47","55"
"47","72"
"47","80"
"47","83"
"47","86"
"47","88"
"47","90"
"47","92"
"47","94"
"47","95"
"47","97"
"47","98"
"47","100"
"47","104"
"47","105"
"47","106"
"47","109"
"47","112"
"47","114"
"47","118"
"47","119"
"47","123"
"47","124"
"47","127"
"47","129"
"47","132"
"47","134"
"47","137"
"47","138"
"47","140"
"47","141"
"47","142"
"47","143"
"47","144"
"47","145"
"47","146"
"47","148"
"47","150"
"47","151"
"47","152"
"47","154"
"47","159"
"47","160"
"47","162"
"47","164"
"47","166"
"47","167"
"47","168"
"47","169"
"47","248"
"47","253"
"47","254"
"47","255"
"47","256"
"48","52"
"48","56"
"48","57"
"48","58"
"48","59"
"48","60"
"48","62"
"48","67"
"48","68"
"48","69"
"48","70"
"48","71"
"48","73"
"48","74"
"48","79"
"48","81"
"48","84"
"48","85"
"48","87"
"48","89"
"48","94"
"48","97"
"48","100"
"48","104"
"48","105"
"48","106"
"48","108"
"48","109"
"48","110"
"48","119"
"48","127"
"48","128"
"48","129"
"48","131"
"48","132"
"48","133"
"48","135"
"48","142"
"48","144"
"48","147"
"48","149"
"48","150"
"48","151"
"48","154"
"48","155"
"48","159"
"48","160"
"48","162"
"48","164"
"48","166"
"48","167"
"48","243"
"48","244"
"48","248"
"48","251"
"48","252"
"48","255"
"48","256"
"49","50"
"49","53"
"49","55"
"49","72"
"49","80"
"49","83"
"49","86"
"49","88"
"49","90"
"49","92"
"49","95"
"49","98"
"49","104"
"49","105"
"49","106"
"49","109"
"49","112"
"49","114"
"49","118"
"49","119"
"49","123"
"49","124"
"49","127"
"49","132"
"49","134"
"49","137"
"49","138"
"49","140"
"49","141"
"49","142"
"49","143"
"49","144"
"49","145"
"49","146"
"49","148"
"49","150"
"49","152"
"49","159"
"49","160"
"49","162"
"49","164"
"49","166"
"49","167"
"49","168"
"49","169"
"49","248"
"49","253"
"49","254"
"50","53"
"50","55"
"50","72"
"50","80"
"50","83"
"50","86"
"50","88"
"50","90"
"50","92"
"50","95"
"50","98"
"50","104"
"50","105"
"50","106"
"50","109"
"50","112"
"50","114"
"50","118"
"50","119"
"50","123"
"50","124"
"50","127"
"50","132"
"50","134"
"50","137"
"50","138"
"50","140"
"50","141"
"50","142"
"50","143"
"50","144"
"50","145"
"50","146"
"50","148"
"50","150"
"50","152"
"50","159"
"50","160"
"50","162"
"50","164"
"50","166"
"50","167"
"50","168"
"50","169"
"50","248"
"50","253"
"50","254"
"51","54"
"51","63"
"51","64"
"51","65"
"51","66"
"51","76"
"51","78"
"51","91"
"51","93"
"51","96"
"51","99"
"51","101"
"51","102"
"51","103"
"51","107"
"51","113"
"51","115"
"51","116"
"51","122"
"51","125"
"51","136"
"51","139"
"51","153"
"51","157"
"51","158"
"51","161"
"51","163"
"51","165"
"51","166"
"51","167"
"51","168"
"51","169"
"51","242"
"51","245"
"51","246"
"51","247"
"51","248"
"51","249"
"51","250"
"52","56"
"52","57"
"52","58"
"52","59"
"52","60"
"52","62"
"52","67"
"52","68"
"52","69"
"52","70"
"52","71"
"52","73"
"52","74"
"52","79"
"52","81"
"52","84"
"52","85"
"52","87"
"52","89"
"52","94"
"52","97"
"52","100"
"52","104"
"52","105"
"52","106"
"52","108"
"52","109"
"52","110"
"52","112"
"52","114"
"52","118"
"52","119"
"52","120"
"52","121"
"52","127"
"52","128"
"52","129"
"52","131"
"52","133"
"52","134"
"52","135"
"52","137"
"52","138"
"52","140"
"52","141"
"52","143"
"52","145"
"52","147"
"52","149"
"52","150"
"52","151"
"52","154"
"52","155"
"52","159"
"52","160"
"52","162"
"52","164"
"52","166"
"52","167"
"52","169"
"52","243"
"52","244"
"52","248"
"52","251"
"52","252"
"52","255"
"52","256"
"53","55"
"53","72"
"53","80"
"53","83"
"53","86"
"53","88"
"53","90"
"53","92"
"53","95"
"53","98"
"53","104"
"53","105"
"53","106"
"53","109"
"53","112"
"53","114"
"53","118"
"53","119"
"53","123"
"53","124"
"53","127"
"53","132"
"53","134"
"53","137"
"53","138"
"53","140"
"53","141"
"53","142"
"53","143"
"53","144"
"53","145"
"53","146"
"53","148"
"53","150"
"53","152"
"53","159"
"53","160"
"53","162"
"53","164"
"53","166"
"53","167"
"53","168"
"53","169"
"53","248"
"53","253"
"53","254"
"54","63"
"54","64"
"54","65"
"54","66"
"54","76"
"54","78"
"54","91"
"54","93"
"54","96"
"54","99"
"54","101"
"54","102"
"54","103"
"54","107"
"54","113"
"54","115"
"54","116"
"54","122"
"54","125"
"54","136"
"54","139"
"54","153"
"54","157"
"54","158"
"54","161"
"54","163"
"54","165"
"54","166"
"54","167"
"54","168"
"54","169"
"54","242"
"54","245"
"54","246"
"54","247"
"54","248"
"54","249"
"54","250"
"55","72"
"55","80"
"55","83"
"55","86"
"55","88"
"55","90"
"55","92"
"55","95"
"55","98"
"55","104"
"55","105"
"55","106"
"55","109"
"55","112"
"55","114"
"55","118"
"55","119"
"55","123"
"55","124"
"55","127"
"55","132"
"55","134"
"55","137"
"55","138"
"55","140"
"55","141"
"55","142"
"55","143"
"55","144"
"55","145"
"55","146"
"55","148"
"55","150"
"55","152"
"55","159"
"55","160"
"55","162"
"55","164"
"55","166"
"55","167"
"55","168"
"55","169"
"55","248"
"55","253"
"55","254"
"56","57"
"56","58"
"56","59"
"56","60"
"56","61"
"56","62"
"56","67"
"56","68"
"56","69"
"56","70"
"56","71"
"56","72"
"56","73"
"56","74"
"56","79"
"56","81"
"56","82"
"56","84"
"56","85"
"56","87"
"56","89"
"56","94"
"56","95"
"56","97"
"56","98"
"56","100"
"56","104"
"56","105"
"56","106"
"56","108"
"56","109"
"56","110"
"56","112"
"56","114"
"56","118"
"56","119"
"56","120"
"56","121"
"56","127"
"56","128"
"56","129"
"56","130"
"56","131"
"56","132"
"56","133"
"56","134"
"56","135"
"56","137"
"56","138"
"56","140"
"56","141"
"56","142"
"56","143"
"56","144"
"56","145"
"56","146"
"56","147"
"56","148"
"56","149"
"56","150"
"56","151"
"56","154"
"56","155"
"56","156"
"56","159"
"56","160"
"56","162"
"56","164"
"56","166"
"56","167"
"56","169"
"56","243"
"56","244"
"56","248"
"56","251"
"56","252"
"56","255"
"56","256"
"57","58"
"57","59"
"57","60"
"57","62"
"57","67"
"57","68"
"57","69"
"57","70"
"57","71"
"57","73"
"57","74"
"57","79"
"57","81"
"57","82"
"57","84"
"57","85"
"57","87"
"57","89"
"57","94"
"57","97"
"57","100"
"57","104"
"57","105"
"57","106"
"57","108"
"57","109"
"57","110"
"57","112"
"57","114"
"57","118"
"57","119"
"57","120"
"57","121"
"57","127"
"57","128"
"57","129"
"57","130"
"57","131"
"57","132"
"57","133"
"57","134"
"57","135"
"57","137"
"57","138"
"57","140"
"57","141"
"57","142"
"57","143"
"57","144"
"57","145"
"57","146"
"57","147"
"57","148"
"57","149"
"57","150"
"57","151"
"57","154"
"57","155"
"57","156"
"57","159"
"57","160"
"57","162"
"57","164"
"57","166"
"57","167"
"57","169"
"57","243"
"57","244"
"57","248"
"57","251"
"57","252"
"57","255"
"57","256"
"58","59"
"58","60"
"58","62"
"58","67"
"58","68"
"58","69"
"58","70"
"58","71"
"58","73"
"58","74"
"58","79"
"58","81"
"58","82"
"58","84"
"58","85"
"58","87"
"58","89"
"58","94"
"58","97"
"58","100"
"58","104"
"58","105"
"58","106"
"58","108"
"58","109"
"58","110"
"58","112"
"58","114"
"58","118"
"58","119"
"58","120"
"58","121"
"58","127"
"58","128"
"58","129"
"58","130"
"58","131"
"58","132"
"58","133"
"58","134"
"58","135"
"58","137"
"58","138"
"58","140"
"58","141"
"58","142"
"58","143"
"58","144"
"58","145"
"58","146"
"58","147"
"58","148"
"58","149"
"58","150"
"58","151"
"58","154"
"58","155"
"58","156"
"58","159"
"58","160"
"58","162"
"58","164"
"58","166"
"58","167"
"58","169"
"58","243"
"58","244"
"58","248"
"58","251"
"58","252"
"58","255"
"58","256"
"59","60"
"59","62"
"59","67"
"59","68"
"59","69"
"59","70"
"59","71"
"59","73"
"59","74"
"59","79"
"59","81"
"59","82"
"59","84"
"59","85"
"59","87"
"59","89"
"59","94"
"59","97"
"59","100"
"59","104"
"59","105"
"59","106"
"59","108"
"59","109"
"59","110"
"59","112"
"59","114"
"59","118"
"59","119"
"59","120"
"59","121"
"59","127"
"59","128"
"59","129"
"59","130"
"59","131"
"59","132"
"59","133"
"59","134"
"59","135"
"59","137"
"59","138"
"59","140"
"59","141"
"59","142"
"59","143"
"59","144"
"59","145"
"59","146"
"59","147"
"59","148"
"59","149"
"59","150"
"59","151"
"59","154"
"59","155"
"59","156"
"59","159"
"59","160"
"59","162"
"59","164"
"59","166"
"59","167"
"59","169"
"59","243"
"59","244"
"59","248"
"59","251"
"59","252"
"59","255"
"59","256"
"60","62"
"60","67"
"60","68"
"60","69"
"60","70"
"60","71"
"60","73"
"60","74"
"60","79"
"60","81"
"60","84"
"60","85"
"60","87"
"60","89"
"60","94"
"60","97"
"60","100"
"60","104"
"60","105"
"60","106"
"60","108"
"60","109"
"60","110"
"60","119"
"60","127"
"60","128"
"60","129"
"60","130"
"60","131"
"60","132"
"60","133"
"60","135"
"60","142"
"60","144"
"60","146"
"60","147"
"60","148"
"60","149"
"60","150"
"60","151"
"60","154"
"60","155"
"60","156"
"60","159"
"60","160"
"60","162"
"60","164"
"60","166"
"60","167"
"60","243"
"60","244"
"60","248"
"60","255"
"61","72"
"61","95"
"61","98"
"61","104"
"61","105"
"62","67"
"62","68"
"62","69"
"62","70"
"62","71"
"62","73"
"62","74"
"62","79"
"62","81"
"62","84"
"62","85"
"62","87"
"62","89"
"62","94"
"62","97"
"62","100"
"62","104"
"62","105"
"62","106"
"62","108"
"62","109"
"62","110"
"62","119"
"62","127"
"62","128"
"62","129"
"62","130"
"62","131"
"62","132"
"62","133"
"62","135"
"62","142"
"62","144"
"62","146"
"62","147"
"62","148"
"62","149"
"62","150"
"62","151"
"62","154"
"62","155"
"62","156"
"62","159"
"62","160"
"62","162"
"62","164"
"62","166"
"62","167"
"62","243"
"62","244"
"62","248"
"62","255"
"63","64"
"63","65"
"63","66"
"63","76"
"63","78"
"63","91"
"63","93"
"63","96"
"63","99"
"63","101"
"63","102"
"63","103"
"63","107"
"63","113"
"63","115"
"63","116"
"63","122"
"63","125"
"63","136"
"63","139"
"63","153"
"63","157"
"63","158"
"63","161"
"63","163"
"63","165"
"63","166"
"63","167"
"63","168"
"63","169"
"63","242"
"63","245"
"63","246"
"63","247"
"63","248"
"63","249"
"63","250"
"64","65"
"64","66"
"64","76"
"64","78"
"64","91"
"64","93"
"64","96"
"64","99"
"64","101"
"64","102"
"64","103"
"64","107"
"64","113"
"64","115"
"64","116"
"64","122"
"64","125"
"64","136"
"64","139"
"64","153"
"64","157"
"64","158"
"64","161"
"64","163"
"64","165"
"64","166"
"64","167"
"64","168"
"64","169"
"64","242"
"64","245"
"64","246"
"64","247"
"64","248"
"64","249"
"64","250"
"65","66"
"65","76"
"65","78"
"65","91"
"65","93"
"65","96"
"65","99"
"65","101"
"65","102"
"65","103"
"65","107"
"65","113"
"65","115"
"65","116"
"65","122"
"65","125"
"65","136"
"65","139"
"65","153"
"65","157"
"65","158"
"65","161"
"65","163"
"65","165"
"65","166"
"65","167"
"65","168"
"65","169"
"65","242"
"65","245"
"65","246"
"65","247"
"65","248"
"65","249"
"65","250"
"66","76"
"66","77"
"66","78"
"66","91"
"66","93"
"66","96"
"66","99"
"66","101"
"66","102"
"66","103"
"66","107"
"66","113"
"66","115"
"66","116"
"66","117"
"66","120"
"66","121"
"66","122"
"66","123"
"66","124"
"66","125"
"66","126"
"66","134"
"66","136"
"66","138"
"66","139"
"66","140"
"66","141"
"66","143"
"66","151"
"66","153"
"66","156"
"66","157"
"66","158"
"66","161"
"66","163"
"66","165"
"66","166"
"66","167"
"66","168"
"66","169"
"66","242"
"66","245"
"66","246"
"66","247"
"66","248"
"66","249"
"66","250"
"67","68"
"67","69"
"67","70"
"67","71"
"67","73"
"67","74"
"67","79"
"67","81"
"67","82"
"67","84"
"67","85"
"67","87"
"67","89"
"67","94"
"67","97"
"67","100"
"67","104"
"67","105"
"67","106"
"67","108"
"67","109"
"67","110"
"67","119"
"67","127"
"67","128"
"67","129"
"67","130"
"67","131"
"67","132"
"67","133"
"67","135"
"67","142"
"67","144"
"67","146"
"67","147"
"67","148"
"67","149"
"67","150"
"67","151"
"67","154"
"67","155"
"67","156"
"67","159"
"67","160"
"67","162"
"67","164"
"67","166"
"67","167"
"67","243"
"67","244"
"67","248"
"67","251"
"67","255"
"67","256"
"68","69"
"68","70"
"68","71"
"68","73"
"68","74"
"68","79"
"68","81"
"68","84"
"68","85"
"68","87"
"68","89"
"68","94"
"68","97"
"68","100"
"68","104"
"68","105"
"68","106"
"68","108"
"68","109"
"68","110"
"68","119"
"68","127"
"68","128"
"68","129"
"68","130"
"68","131"
"68","132"
"68","133"
"68","135"
"68","142"
"68","144"
"68","146"
"68","147"
"68","148"
"68","149"
"68","150"
"68","151"
"68","154"
"68","155"
"68","156"
"68","159"
"68","160"
"68","162"
"68","164"
"68","166"
"68","167"
"68","243"
"68","244"
"68","248"
"68","255"
"69","70"
"69","73"
"69","74"
"69","79"
"69","81"
"69","84"
"69","85"
"69","87"
"69","89"
"69","94"
"69","97"
"69","100"
"69","104"
"69","105"
"69","106"
"69","108"
"69","109"
"69","110"
"69","111"
"69","119"
"69","127"
"69","128"
"69","129"
"69","131"
"69","133"
"69","135"
"69","147"
"69","149"
"69","150"
"69","151"
"69","154"
"69","155"
"69","159"
"69","160"
"69","162"
"69","164"
"69","166"
"69","167"
"69","243"
"69","244"
"69","248"
"69","255"
"70","71"
"70","73"
"70","74"
"70","79"
"70","81"
"70","82"
"70","84"
"70","85"
"70","87"
"70","89"
"70","94"
"70","97"
"70","100"
"70","104"
"70","105"
"70","106"
"70","108"
"70","109"
"70","110"
"70","119"
"70","127"
"70","128"
"70","129"
"70","130"
"70","131"
"70","132"
"70","133"
"70","135"
"70","142"
"70","144"
"70","146"
"70","147"
"70","148"
"70","149"
"70","150"
"70","151"
"70","154"
"70","155"
"70","156"
"70","159"
"70","160"
"70","162"
"70","164"
"70","166"
"70","167"
"70","243"
"70","244"
"70","248"
"70","251"
"70","252"
"70","255"
"70","256"
"71","79"
"71","81"
"71","82"
"71","84"
"71","85"
"71","87"
"71","89"
"71","94"
"71","97"
"71","100"
"71","104"
"71","105"
"71","106"
"71","108"
"71","109"
"71","119"
"71","127"
"71","128"
"71","129"
"71","130"
"71","131"
"71","132"
"71","133"
"71","135"
"71","142"
"71","144"
"71","146"
"71","147"
"71","148"
"71","149"
"71","150"
"71","151"
"71","154"
"71","156"
"71","159"
"71","160"
"71","162"
"71","164"
"71","166"
"71","167"
"71","248"
"71","251"
"71","256"
"72","80"
"72","83"
"72","86"
"72","88"
"72","90"
"72","92"
"72","95"
"72","98"
"72","104"
"72","105"
"72","106"
"72","109"
"72","112"
"72","114"
"72","118"
"72","119"
"72","123"
"72","124"
"72","127"
"72","132"
"72","134"
"72","137"
"72","138"
"72","140"
"72","141"
"72","142"
"72","143"
"72","144"
"72","145"
"72","146"
"72","148"
"72","150"
"72","152"
"72","159"
"72","160"
"72","162"
"72","164"
"72","166"
"72","167"
"72","168"
"72","169"
"72","248"
"72","253"
"72","254"
"73","74"
"73","79"
"73","81"
"73","84"
"73","85"
"73","87"
"73","89"
"73","94"
"73","97"
"73","100"
"73","104"
"73","105"
"73","106"
"73","108"
"73","109"
"73","110"
"73","111"
"73","119"
"73","127"
"73","128"
"73","129"
"73","131"
"73","133"
"73","135"
"73","147"
"73","149"
"73","150"
"73","151"
"73","154"
"73","155"
"73","159"
"73","160"
"73","162"
"73","164"
"73","166"
"73","167"
"73","243"
"73","244"
"73","248"
"73","255"
"74","75"
"74","79"
"74","81"
"74","84"
"74","85"
"74","87"
"74","89"
"74","94"
"74","97"
"74","100"
"74","104"
"74","105"
"74","106"
"74","108"
"74","109"
"74","110"
"74","111"
"74","119"
"74","127"
"74","128"
"74","129"
"74","131"
"74","133"
"74","135"
"74","147"
"74","149"
"74","150"
"74","151"
"74","154"
"74","155"
"74","159"
"74","160"
"74","162"
"74","164"
"74","166"
"74","167"
"74","169"
"74","243"
"74","244"
"74","248"
"74","255"
"75","110"
"75","111"
"75","128"
"75","167"
"75","169"
"75","247"
"75","248"
"75","249"
"75","250"
"75","251"
"75","252"
"75","253"
"75","254"
"76","77"
"76","78"
"76","91"
"76","93"
"76","96"
"76","99"
"76","101"
"76","103"
"76","107"
"76","113"
"76","115"
"76","116"
"76","117"
"76","120"
"76","121"
"76","122"
"76","123"
"76","124"
"76","125"
"76","126"
"76","134"
"76","136"
"76","138"
"76","139"
"76","140"
"76","141"
"76","143"
"76","151"
"76","153"
"76","156"
"76","157"
"76","158"
"76","161"
"76","163"
"76","165"
"76","166"
"76","167"
"76","168"
"76","169"
"76","242"
"76","245"
"76","246"
"76","247"
"76","248"
"76","249"
"76","250"
"77","78"
"77","91"
"77","93"
"77","96"
"77","99"
"77","117"
"77","120"
"77","121"
"77","123"
"77","124"
"77","126"
"77","134"
"77","138"
"77","140"
"77","141"
"77","143"
"77","151"
"77","156"
"77","167"
"77","248"
"78","91"
"78","93"
"78","96"
"78","99"
"78","101"
"78","102"
"78","103"
"78","107"
"78","113"
"78","115"
"78","116"
"78","117"
"78","120"
"78","121"
"78","122"
"78","123"
"78","124"
"78","125"
"78","126"
"78","134"
"78","136"
"78","138"
"78","139"
"78","140"
"78","141"
"78","143"
"78","151"
"78","153"
"78","156"
"78","157"
"78","158"
"78","161"
"78","163"
"78","165"
"78","166"
"78","167"
"78","168"
"78","169"
"78","242"
"78","245"
"78","246"
"78","247"
"78","248"
"78","249"
"78","250"
"79","81"
"79","82"
"79","84"
"79","85"
"79","87"
"79","89"
"79","94"
"79","97"
"79","100"
"79","104"
"79","105"
"79","106"
"79","108"
"79","109"
"79","110"
"79","119"
"79","127"
"79","128"
"79","129"
"79","130"
"79","131"
"79","132"
"79","133"
"79","135"
"79","142"
"79","144"
"79","146"
"79","147"
"79","148"
"79","149"
"79","150"
"79","151"
"79","154"
"79","155"
"79","156"
"79","159"
"79","160"
"79","162"
"79","164"
"79","166"
"79","167"
"79","243"
"79","244"
"79","248"
"79","251"
"79","252"
"79","255"
"79","256"
"80","83"
"80","86"
"80","88"
"80","90"
"80","92"
"80","95"
"80","98"
"80","104"
"80","105"
"80","106"
"80","109"
"80","112"
"80","114"
"80","118"
"80","119"
"80","123"
"80","124"
"80","127"
"80","132"
"80","134"
"80","137"
"80","138"
"80","140"
"80","141"
"80","142"
"80","143"
"80","144"
"80","145"
"80","146"
"80","148"
"80","150"
"80","152"
"80","159"
"80","160"
"80","162"
"80","164"
"80","166"
"80","167"
"80","168"
"80","169"
"80","248"
"80","253"
"80","254"
"81","84"
"81","85"
"81","87"
"81","89"
"81","94"
"81","97"
"81","100"
"81","104"
"81","105"
"81","106"
"81","108"
"81","109"
"81","110"
"81","119"
"81","127"
"81","128"
"81","129"
"81","130"
"81","131"
"81","132"
"81","133"
"81","135"
"81","142"
"81","144"
"81","146"
"81","147"
"81","148"
"81","149"
"81","150"
"81","151"
"81","154"
"81","155"
"81","156"
"81","159"
"81","160"
"81","162"
"81","164"
"81","166"
"81","167"
"81","243"
"81","244"
"81","248"
"81","251"
"81","252"
"81","255"
"81","256"
"82","84"
"82","85"
"82","87"
"82","89"
"82","94"
"82","97"
"82","100"
"82","104"
"82","105"
"82","106"
"82","109"
"82","119"
"82","127"
"82","128"
"82","129"
"82","130"
"82","132"
"82","142"
"82","144"
"82","146"
"82","148"
"82","149"
"83","86"
"83","88"
"83","90"
"83","92"
"83","95"
"83","98"
"83","104"
"83","105"
"83","106"
"83","109"
"83","112"
"83","114"
"83","118"
"83","119"
"83","123"
"83","124"
"83","127"
"83","132"
"83","134"
"83","137"
"83","138"
"83","140"
"83","141"
"83","142"
"83","143"
"83","144"
"83","145"
"83","146"
"83","148"
"83","150"
"83","152"
"83","159"
"83","160"
"83","162"
"83","164"
"83","166"
"83","167"
"83","168"
"83","169"
"83","248"
"83","253"
"83","254"
"84","85"
"84","87"
"84","89"
"84","94"
"84","97"
"84","100"
"84","104"
"84","105"
"84","106"
"84","108"
"84","109"
"84","110"
"84","119"
"84","127"
"84","128"
"84","129"
"84","130"
"84","131"
"84","132"
"84","133"
"84","135"
"84","142"
"84","144"
"84","146"
"84","147"
"84","148"
"84","149"
"84","150"
"84","151"
"84","154"
"84","155"
"84","159"
"84","160"
"84","162"
"84","164"
"84","166"
"84","167"
"84","243"
"84","244"
"84","248"
"84","251"
"84","252"
"84","255"
"84","256"
"85","87"
"85","89"
"85","94"
"85","97"
"85","100"
"85","104"
"85","105"
"85","106"
"85","108"
"85","109"
"85","110"
"85","119"
"85","127"
"85","128"
"85","129"
"85","130"
"85","131"
"85","132"
"85","133"
"85","135"
"85","142"
"85","144"
"85","146"
"85","147"
"85","148"
"85","149"
"85","150"
"85","151"
"85","154"
"85","155"
"85","159"
"85","160"
"85","162"
"85","164"
"85","166"
"85","167"
"85","243"
"85","244"
"85","248"
"85","251"
"85","252"
"85","255"
"85","256"
"86","88"
"86","90"
"86","92"
"86","95"
"86","98"
"86","104"
"86","105"
"86","106"
"86","109"
"86","112"
"86","114"
"86","118"
"86","119"
"86","123"
"86","124"
"86","127"
"86","132"
"86","134"
"86","137"
"86","138"
"86","140"
"86","141"
"86","142"
"86","143"
"86","144"
"86","145"
"86","146"
"86","148"
"86","150"
"86","152"
"86","159"
"86","160"
"86","162"
"86","164"
"86","166"
"86","167"
"86","168"
"86","169"
"86","248"
"86","253"
"86","254"
"87","89"
"87","94"
"87","97"
"87","100"
"87","104"
"87","105"
"87","106"
"87","108"
"87","109"
"87","110"
"87","119"
"87","127"
"87","128"
"87","129"
"87","130"
"87","131"
"87","132"
"87","133"
"87","135"
"87","142"
"87","144"
"87","146"
"87","147"
"87","148"
"87","149"
"87","150"
"87","151"
"87","154"
"87","155"
"87","159"
"87","160"
"87","162"
"87","164"
"87","166"
"87","167"
"87","243"
"87","244"
"87","248"
"87","251"
"87","252"
"87","255"
"87","256"
"88","90"
"88","92"
"88","95"
"88","98"
"88","104"
"88","105"
"88","106"
"88","109"
"88","112"
"88","114"
"88","118"
"88","119"
"88","123"
"88","124"
"88","127"
"88","132"
"88","134"
"88","137"
"88","138"
"88","140"
"88","141"
"88","142"
"88","143"
"88","144"
"88","145"
"88","146"
"88","148"
"88","150"
"88","152"
"88","159"
"88","160"
"88","162"
"88","164"
"88","166"
"88","167"
"88","168"
"88","169"
"88","248"
"88","253"
"88","254"
"89","94"
"89","97"
"89","100"
"89","104"
"89","105"
"89","106"
"89","108"
"89","109"
"89","110"
"89","119"
"89","127"
"89","128"
"89","129"
"89","130"
"89","131"
"89","132"
"89","133"
"89","135"
"89","142"
"89","144"
"89","146"
"89","147"
"89","148"
"89","149"
"89","150"
"89","151"
"89","154"
"89","155"
"89","159"
"89","160"
"89","162"
"89","164"
"89","166"
"89","167"
"89","243"
"89","244"
"89","248"
"89","251"
"89","252"
"89","255"
"89","256"
"90","92"
"90","95"
"90","98"
"90","104"
"90","105"
"90","106"
"90","109"
"90","112"
"90","114"
"90","118"
"90","119"
"90","123"
"90","124"
"90","127"
"90","132"
"90","134"
"90","137"
"90","138"
"90","140"
"90","141"
"90","142"
"90","143"
"90","144"
"90","145"
"90","146"
"90","148"
"90","150"
"90","152"
"90","159"
"90","160"
"90","162"
"90","164"
"90","166"
"90","167"
"90","168"
"90","169"
"90","248"
"90","253"
"90","254"
"91","93"
"91","96"
"91","99"
"91","101"
"91","103"
"91","107"
"91","113"
"91","115"
"91","116"
"91","117"
"91","120"
"91","121"
"91","122"
"91","123"
"91","124"
"91","125"
"91","126"
"91","134"
"91","136"
"91","138"
"91","139"
"91","140"
"91","141"
"91","143"
"91","151"
"91","153"
"91","156"
"91","157"
"91","158"
"91","161"
"91","163"
"91","165"
"91","166"
"91","167"
"91","168"
"91","169"
"91","242"
"91","245"
"91","246"
"91","247"
"91","248"
"91","249"
"91","250"
"92","95"
"92","98"
"92","104"
"92","105"
"92","106"
"92","109"
"92","112"
"92","114"
"92","118"
"92","119"
"92","123"
"92","124"
"92","127"
"92","132"
"92","134"
"92","137"
"92","138"
"92","140"
"92","141"
"92","142"
"92","143"
"92","144"
"92","145"
"92","146"
"92","148"
"92","150"
"92","152"
"92","159"
"92","160"
"92","162"
"92","164"
"92","166"
"92","167"
"92","168"
"92","169"
"92","248"
"92","253"
"92","254"
"93","96"
"93","99"
"93","101"
"93","103"
"93","107"
"93","113"
"93","115"
"93","116"
"93","117"
"93","120"
"93","121"
"93","122"
"93","123"
"93","124"
"93","125"
"93","126"
"93","134"
"93","136"
"93","138"
"93","139"
"93","140"
"93","141"
"93","143"
"93","146"
"93","148"
"93","151"
"93","153"
"93","156"
"93","157"
"93","158"
"93","161"
"93","163"
"93","164"
"93","165"
"93","166"
"93","167"
"93","168"
"93","169"
"93","242"
"93","245"
"93","246"
"93","247"
"93","248"
"93","249"
"93","250"
"94","97"
"94","100"
"94","104"
"94","105"
"94","106"
"94","108"
"94","109"
"94","110"
"94","112"
"94","114"
"94","118"
"94","119"
"94","120"
"94","121"
"94","127"
"94","128"
"94","129"
"94","130"
"94","131"
"94","132"
"94","133"
"94","134"
"94","135"
"94","137"
"94","138"
"94","140"
"94","141"
"94","142"
"94","143"
"94","144"
"94","145"
"94","146"
"94","147"
"94","148"
"94","149"
"94","150"
"94","151"
"94","154"
"94","155"
"94","159"
"94","160"
"94","162"
"94","164"
"94","166"
"94","167"
"94","169"
"94","243"
"94","244"
"94","248"
"94","251"
"94","252"
"94","255"
"94","256"
"95","98"
"95","104"
"95","105"
"95","106"
"95","109"
"95","112"
"95","114"
"95","118"
"95","119"
"95","123"
"95","124"
"95","127"
"95","132"
"95","134"
"95","137"
"95","138"
"95","140"
"95","141"
"95","142"
"95","143"
"95","144"
"95","145"
"95","146"
"95","148"
"95","150"
"95","152"
"95","159"
"95","160"
"95","162"
"95","164"
"95","166"
"95","167"
"95","168"
"95","169"
"95","248"
"95","253"
"95","254"
"96","99"
"96","101"
"96","103"
"96","107"
"96","113"
"96","115"
"96","116"
"96","117"
"96","120"
"96","121"
"96","122"
"96","123"
"96","124"
"96","125"
"96","126"
"96","134"
"96","136"
"96","138"
"96","139"
"96","140"
"96","141"
"96","143"
"96","146"
"96","148"
"96","151"
"96","153"
"96","156"
"96","157"
"96","158"
"96","161"
"96","163"
"96","164"
"96","165"
"96","166"
"96","167"
"96","168"
"96","169"
"96","242"
"96","245"
"96","246"
"96","247"
"96","248"
"96","249"
"96","250"
"97","100"
"97","104"
"97","105"
"97","106"
"97","108"
"97","109"
"97","110"
"97","112"
"97","114"
"97","118"
"97","119"
"97","120"
"97","121"
"97","127"
"97","128"
"97","129"
"97","130"
"97","131"
"97","132"
"97","133"
"97","134"
"97","135"
"97","137"
"97","138"
"97","140"
"97","141"
"97","142"
"97","143"
"97","144"
"97","145"
"97","146"
"97","147"
"97","148"
"97","149"
"97","150"
"97","151"
"97","154"
"97","155"
"97","159"
"97","160"
"97","162"
"97","164"
"97","166"
"97","167"
"97","169"
"97","243"
"97","244"
"97","248"
"97","251"
"97","252"
"97","255"
"97","256"
"98","104"
"98","105"
"98","106"
"98","109"
"98","112"
"98","114"
"98","118"
"98","119"
"98","123"
"98","124"
"98","127"
"98","132"
"98","134"
"98","137"
"98","138"
"98","140"
"98","141"
"98","142"
"98","143"
"98","144"
"98","145"
"98","146"
"98","148"
"98","150"
"98","152"
"98","159"
"98","160"
"98","162"
"98","164"
"98","166"
"98","167"
"98","168"
"98","169"
"98","248"
"98","253"
"98","254"
"99","101"
"99","102"
"99","103"
"99","107"
"99","113"
"99","115"
"99","116"
"99","117"
"99","120"
"99","121"
"99","122"
"99","123"
"99","124"
"99","125"
"99","126"
"99","134"
"99","136"
"99","138"
"99","139"
"99","140"
"99","141"
"99","143"
"99","151"
"99","153"
"99","156"
"99","157"
"99","158"
"99","161"
"99","163"
"99","165"
"99","166"
"99","167"
"99","168"
"99","169"
"99","242"
"99","245"
"99","246"
"99","247"
"99","248"
"99","249"
"99","250"
"100","104"
"100","105"
"100","106"
"100","108"
"100","109"
"100","110"
"100","112"
"100","114"
"100","118"
"100","119"
"100","120"
"100","121"
"100","127"
"100","128"
"100","129"
"100","130"
"100","131"
"100","132"
"100","133"
"100","134"
"100","135"
"100","137"
"100","138"
"100","140"
"100","141"
"100","142"
"100","143"
"100","144"
"100","145"
"100","146"
"100","147"
"100","148"
"100","149"
"100","150"
"100","151"
"100","154"
"100","155"
"100","159"
"100","160"
"100","162"
"100","164"
"100","166"
"100","167"
"100","169"
"100","243"
"100","244"
"100","248"
"100","251"
"100","252"
"100","255"
"100","256"
"101","102"
"101","103"
"101","107"
"101","113"
"101","115"
"101","116"
"101","122"
"101","125"
"101","136"
"101","139"
"101","153"
"101","157"
"101","158"
"101","161"
"101","163"
"101","165"
"101","166"
"101","167"
"101","168"
"101","169"
"101","242"
"101","245"
"101","246"
"101","247"
"101","248"
"101","249"
"101","250"
"102","103"
"102","107"
"102","113"
"102","115"
"102","116"
"102","122"
"102","125"
"102","136"
"102","139"
"102","163"
"102","242"
"103","107"
"103","113"
"103","115"
"103","116"
"103","122"
"103","125"
"103","136"
"103","139"
"103","153"
"103","157"
"103","158"
"103","161"
"103","163"
"103","165"
"103","166"
"103","167"
"103","168"
"103","169"
"103","242"
"103","245"
"103","246"
"103","247"
"103","248"
"103","249"
"103","250"
"104","105"
"104","106"
"104","108"
"104","109"
"104","110"
"104","112"
"104","114"
"104","118"
"104","119"
"104","120"
"104","121"
"104","123"
"104","124"
"104","127"
"104","128"
"104","129"
"104","130"
"104","131"
"104","132"
"104","133"
"104","134"
"104","135"
"104","137"
"104","138"
"104","140"
"104","141"
"104","142"
"104","143"
"104","144"
"104","145"
"104","146"
"104","147"
"104","148"
"104","149"
"104","150"
"104","151"
"104","152"
"104","154"
"104","155"
"104","159"
"104","160"
"104","162"
"104","164"
"104","166"
"104","167"
"104","168"
"104","169"
"104","243"
"104","244"
"104","248"
"104","251"
"104","252"
"104","253"
"104","254"
"104","255"
"104","256"
"105","106"
"105","108"
"105","109"
"105","110"
"105","112"
"105","114"
"105","118"
"105","119"
"105","120"
"105","121"
"105","123"
"105","124"
"105","127"
"105","128"
"105","129"
"105","130"
"105","131"
"105","132"
"105","133"
"105","134"
"105","135"
"105","137"
"105","138"
"105","140"
"105","141"
"105","142"
"105","143"
"105","144"
"105","145"
"105","146"
"105","147"
"105","148"
"105","149"
"105","150"
"105","151"
"105","152"
"105","154"
"105","155"
"105","159"
"105","160"
"105","162"
"105","164"
"105","166"
"105","167"
"105","168"
"105","169"
"105","243"
"105","244"
"105","248"
"105","251"
"105","252"
"105","253"
"105","254"
"105","255"
"105","256"
"106","108"
"106","109"
"106","110"
"106","112"
"106","114"
"106","118"
"106","119"
"106","120"
"106","121"
"106","123"
"106","124"
"106","127"
"106","128"
"106","129"
"106","130"
"106","131"
"106","132"
"106","133"
"106","134"
"106","135"
"106","137"
"106","138"
"106","140"
"106","141"
"106","142"
"106","143"
"106","144"
"106","145"
"106","146"
"106","147"
"106","148"
"106","149"
"106","150"
"106","151"
"106","152"
"106","154"
"106","155"
"106","159"
"106","160"
"106","162"
"106","164"
"106","166"
"106","167"
"106","168"
"106","169"
"106","243"
"106","244"
"106","248"
"106","251"
"106","252"
"106","253"
"106","254"
"106","255"
"106","256"
"107","113"
"107","115"
"107","116"
"107","122"
"107","125"
"107","136"
"107","139"
"107","153"
"107","157"
"107","158"
"107","161"
"107","163"
"107","165"
"107","166"
"107","167"
"107","168"
"107","169"
"107","242"
"107","245"
"107","246"
"107","247"
"107","248"
"107","249"
"107","250"
"108","109"
"108","110"
"108","119"
"108","127"
"108","128"
"108","129"
"108","130"
"108","131"
"108","132"
"108","133"
"108","135"
"108","142"
"108","144"
"108","146"
"108","147"
"108","148"
"108","149"
"108","150"
"108","151"
"108","154"
"108","155"
"108","156"
"108","159"
"108","160"
"108","162"
"108","164"
"108","166"
"108","167"
"108","243"
"108","244"
"108","248"
"108","255"
"109","110"
"109","112"
"109","114"
"109","118"
"109","119"
"109","120"
"109","121"
"109","123"
"109","124"
"109","127"
"109","128"
"109","129"
"109","130"
"109","131"
"109","132"
"109","133"
"109","134"
"109","135"
"109","137"
"109","138"
"109","140"
"109","141"
"109","142"
"109","143"
"109","144"
"109","145"
"109","146"
"109","147"
"109","148"
"109","149"
"109","150"
"109","151"
"109","152"
"109","154"
"109","155"
"109","159"
"109","160"
"109","162"
"109","164"
"109","166"
"109","167"
"109","168"
"109","169"
"109","243"
"109","244"
"109","248"
"109","251"
"109","252"
"109","253"
"109","254"
"109","255"
"109","256"
"110","111"
"110","119"
"110","127"
"110","128"
"110","129"
"110","131"
"110","133"
"110","135"
"110","147"
"110","149"
"110","150"
"110","151"
"110","154"
"110","155"
"110","159"
"110","160"
"110","162"
"110","164"
"110","166"
"110","167"
"110","169"
"110","243"
"110","244"
"110","248"
"110","255"
"111","128"
"111","167"
"111","169"
"111","243"
"112","114"
"112","118"
"112","119"
"112","120"
"112","121"
"112","123"
"112","124"
"112","134"
"112","137"
"112","138"
"112","140"
"112","141"
"112","143"
"112","145"
"112","149"
"112","150"
"112","152"
"112","154"
"112","159"
"112","160"
"112","162"
"112","164"
"112","166"
"112","167"
"112","168"
"112","169"
"112","248"
"112","253"
"113","115"
"113","116"
"113","122"
"113","125"
"113","136"
"113","139"
"113","153"
"113","157"
"113","158"
"113","161"
"113","163"
"113","165"
"113","166"
"113","167"
"113","168"
"113","169"
"113","242"
"113","245"
"113","246"
"113","247"
"113","248"
"113","249"
"113","250"
"114","118"
"114","119"
"114","120"
"114","121"
"114","123"
"114","124"
"114","134"
"114","137"
"114","138"
"114","140"
"114","141"
"114","143"
"114","145"
"114","149"
"114","150"
"114","152"
"114","154"
"114","159"
"114","160"
"114","162"
"114","164"
"114","166"
"114","167"
"114","168"
"114","169"
"114","248"
"114","253"
"115","116"
"115","122"
"115","125"
"115","134"
"115","136"
"115","139"
"115","140"
"115","141"
"115","146"
"115","148"
"115","153"
"115","157"
"115","158"
"115","161"
"115","163"
"115","165"
"115","166"
"115","167"
"115","168"
"115","169"
"115","242"
"115","245"
"115","246"
"115","247"
"115","248"
"115","249"
"115","250"
"116","122"
"116","125"
"116","134"
"116","136"
"116","139"
"116","140"
"116","141"
"116","146"
"116","148"
"116","153"
"116","157"
"116","158"
"116","161"
"116","163"
"116","165"
"116","166"
"116","167"
"116","168"
"116","169"
"116","242"
"116","245"
"116","246"
"116","247"
"116","248"
"116","249"
"116","250"
"117","120"
"117","121"
"117","123"
"117","124"
"117","126"
"117","134"
"117","138"
"117","140"
"117","141"
"117","142"
"117","143"
"117","144"
"117","148"
"117","151"
"117","156"
"117","159"
"117","160"
"117","162"
"117","164"
"117","167"
"118","119"
"118","120"
"118","121"
"118","123"
"118","124"
"118","134"
"118","137"
"118","138"
"118","140"
"118","141"
"118","143"
"118","145"
"118","149"
"118","150"
"118","152"
"118","154"
"118","159"
"118","160"
"118","162"
"118","164"
"118","166"
"118","167"
"118","168"
"118","169"
"118","248"
"118","253"
"119","120"
"119","121"
"119","127"
"119","128"
"119","129"
"119","130"
"119","131"
"119","132"
"119","133"
"119","134"
"119","135"
"119","137"
"119","138"
"119","140"
"119","141"
"119","142"
"119","143"
"119","144"
"119","145"
"119","146"
"119","147"
"119","148"
"119","149"
"119","150"
"119","151"
"119","152"
"119","154"
"119","155"
"119","159"
"119","160"
"119","162"
"119","164"
"119","166"
"119","167"
"119","168"
"119","169"
"119","243"
"119","244"
"119","248"
"119","251"
"119","252"
"119","254"
"119","255"
"119","256"
"120","121"
"120","123"
"120","124"
"120","126"
"120","134"
"120","137"
"120","138"
"120","140"
"120","141"
"120","142"
"120","143"
"120","144"
"120","145"
"120","148"
"120","149"
"120","150"
"120","151"
"120","154"
"120","156"
"120","159"
"120","160"
"120","162"
"120","164"
"120","166"
"120","167"
"120","169"
"120","248"
"121","123"
"121","124"
"121","126"
"121","134"
"121","137"
"121","138"
"121","140"
"121","141"
"121","142"
"121","143"
"121","144"
"121","145"
"121","148"
"121","149"
"121","150"
"121","151"
"121","154"
"121","156"
"121","159"
"121","160"
"121","162"
"121","164"
"121","166"
"121","167"
"121","169"
"121","248"
"122","125"
"122","136"
"122","139"
"122","153"
"122","157"
"122","158"
"122","161"
"122","163"
"122","165"
"122","166"
"122","167"
"122","168"
"122","169"
"122","242"
"122","245"
"122","246"
"122","247"
"122","248"
"122","249"
"122","250"
"123","124"
"123","126"
"123","134"
"123","137"
"123","138"
"123","140"
"123","141"
"123","143"
"123","145"
"123","150"
"123","151"
"123","152"
"123","156"
"123","159"
"123","160"
"123","162"
"123","164"
"123","166"
"123","167"
"123","168"
"123","169"
"123","248"
"123","253"
"124","126"
"124","134"
"124","137"
"124","138"
"124","140"
"124","141"
"124","143"
"124","145"
"124","150"
"124","151"
"124","152"
"124","156"
"124","159"
"124","160"
"124","162"
"124","164"
"124","166"
"124","167"
"124","168"
"124","169"
"124","248"
"124","253"
"125","136"
"125","139"
"125","153"
"125","157"
"125","158"
"125","161"
"125","163"
"125","165"
"125","166"
"125","167"
"125","168"
"125","169"
"125","242"
"125","245"
"125","246"
"125","247"
"125","248"
"125","249"
"125","250"
"126","134"
"126","138"
"126","140"
"126","141"
"126","142"
"126","143"
"126","144"
"126","148"
"126","151"
"126","156"
"126","159"
"126","160"
"126","162"
"126","164"
"126","167"
"127","128"
"127","129"
"127","130"
"127","131"
"127","132"
"127","133"
"127","135"
"127","142"
"127","144"
"127","146"
"127","147"
"127","148"
"127","149"
"127","150"
"127","151"
"127","152"
"127","154"
"127","155"
"127","156"
"127","159"
"127","160"
"127","162"
"127","164"
"127","166"
"127","167"
"127","168"
"127","169"
"127","243"
"127","244"
"127","248"
"127","251"
"127","252"
"127","254"
"127","255"
"127","256"
"128","129"
"128","130"
"128","131"
"128","132"
"128","133"
"128","135"
"128","142"
"128","144"
"128","146"
"128","147"
"128","148"
"128","149"
"128","150"
"128","151"
"128","154"
"128","155"
"128","159"
"128","160"
"128","162"
"128","164"
"128","166"
"128","167"
"128","169"
"128","243"
"128","244"
"128","248"
"128","255"
"129","130"
"129","131"
"129","132"
"129","133"
"129","135"
"129","142"
"129","144"
"129","146"
"129","147"
"129","148"
"129","149"
"129","150"
"129","151"
"129","154"
"129","155"
"129","156"
"129","159"
"129","160"
"129","162"
"129","164"
"129","166"
"129","167"
"129","243"
"129","244"
"129","248"
"129","251"
"129","252"
"129","255"
"129","256"
"130","132"
"130","142"
"130","144"
"130","146"
"130","148"
"130","149"
"130","150"
"130","151"
"130","156"
"130","167"
"131","133"
"131","135"
"131","147"
"131","149"
"131","150"
"131","151"
"131","154"
"131","155"
"131","159"
"131","160"
"131","162"
"131","164"
"131","166"
"131","167"
"131","243"
"131","244"
"131","248"
"131","251"
"131","252"
"131","255"
"131","256"
"132","142"
"132","144"
"132","146"
"132","148"
"132","149"
"132","150"
"132","151"
"132","152"
"132","154"
"132","156"
"132","159"
"132","160"
"132","162"
"132","164"
"132","166"
"132","167"
"132","168"
"132","169"
"132","248"
"132","254"
"132","255"
"132","256"
"133","135"
"133","147"
"133","149"
"133","150"
"133","151"
"133","154"
"133","155"
"133","159"
"133","160"
"133","162"
"133","164"
"133","166"
"133","167"
"133","243"
"133","244"
"133","248"
"133","251"
"133","252"
"133","255"
"133","256"
"134","137"
"134","138"
"134","140"
"134","141"
"134","142"
"134","143"
"134","144"
"134","145"
"134","146"
"134","147"
"134","148"
"134","149"
"134","150"
"134","151"
"134","152"
"134","154"
"134","156"
"134","159"
"134","160"
"134","162"
"134","164"
"134","165"
"134","166"
"134","167"
"134","168"
"134","169"
"134","248"
"134","253"
"135","147"
"135","149"
"135","150"
"135","151"
"135","154"
"135","155"
"135","159"
"135","160"
"135","162"
"135","164"
"135","166"
"135","167"
"135","243"
"135","244"
"135","248"
"135","251"
"135","252"
"135","255"
"135","256"
"136","139"
"136","153"
"136","157"
"136","158"
"136","161"
"136","163"
"136","165"
"136","166"
"136","167"
"136","168"
"136","169"
"136","242"
"136","245"
"136","246"
"136","247"
"136","248"
"136","249"
"136","250"
"137","138"
"137","140"
"137","141"
"137","143"
"137","145"
"137","149"
"137","150"
"137","152"
"137","154"
"137","159"
"137","160"
"137","162"
"137","164"
"137","166"
"137","167"
"137","168"
"137","169"
"137","248"
"137","253"
"138","140"
"138","141"
"138","143"
"138","145"
"138","149"
"138","150"
"138","151"
"138","152"
"138","154"
"138","156"
"138","159"
"138","160"
"138","162"
"138","164"
"138","166"
"138","167"
"138","168"
"138","169"
"138","248"
"138","253"
"139","153"
"139","157"
"139","158"
"139","161"
"139","163"
"139","165"
"139","166"
"139","167"
"139","168"
"139","169"
"139","242"
"139","245"
"139","246"
"139","247"
"139","248"
"139","249"
"139","250"
"140","141"
"140","143"
"140","145"
"140","146"
"140","148"
"140","149"
"140","150"
"140","151"
"140","152"
"140","154"
"140","156"
"140","159"
"140","160"
"140","162"
"140","164"
"140","166"
"140","167"
"140","168"
"140","169"
"140","248"
"140","253"
"141","143"
"141","145"
"141","146"
"141","148"
"141","149"
"141","150"
"141","151"
"141","152"
"141","154"
"141","156"
"141","159"
"141","160"
"141","162"
"141","164"
"141","166"
"141","167"
"141","168"
"141","169"
"141","248"
"141","253"
"142","144"
"142","146"
"142","148"
"142","149"
"142","150"
"142","151"
"142","152"
"142","154"
"142","156"
"142","159"
"142","160"
"142","162"
"142","164"
"142","166"
"142","167"
"142","168"
"142","169"
"142","248"
"142","254"
"142","255"
"142","256"
"143","145"
"143","149"
"143","150"
"143","151"
"143","152"
"143","154"
"143","156"
"143","159"
"143","160"
"143","162"
"143","164"
"143","166"
"143","167"
"143","168"
"143","169"
"143","248"
"143","253"
"144","146"
"144","148"
"144","149"
"144","150"
"144","151"
"144","152"
"144","154"
"144","156"
"144","159"
"144","160"
"144","162"
"144","164"
"144","166"
"144","167"
"144","168"
"144","169"
"144","248"
"144","254"
"144","255"
"144","256"
"145","149"
"145","150"
"145","152"
"145","154"
"145","159"
"145","160"
"145","162"
"145","164"
"145","166"
"145","167"
"145","168"
"145","169"
"145","248"
"145","253"
"146","148"
"146","149"
"146","150"
"146","151"
"146","152"
"146","156"
"146","159"
"146","160"
"146","162"
"146","164"
"146","166"
"146","167"
"146","168"
"146","169"
"146","248"
"146","254"
"147","149"
"147","150"
"147","151"
"147","154"
"147","155"
"147","159"
"147","160"
"147","162"
"147","164"
"147","166"
"147","167"
"147","243"
"147","244"
"147","248"
"147","251"
"147","252"
"147","255"
"147","256"
"148","149"
"148","150"
"148","151"
"148","152"
"148","156"
"148","159"
"148","160"
"148","162"
"148","164"
"148","166"
"148","167"
"148","168"
"148","169"
"148","248"
"148","254"
"149","150"
"149","151"
"149","154"
"149","155"
"149","156"
"149","159"
"149","160"
"149","162"
"149","164"
"149","166"
"149","167"
"149","169"
"149","243"
"149","244"
"149","248"
"149","251"
"149","252"
"149","255"
"149","256"
"150","151"
"150","152"
"150","154"
"150","155"
"150","156"
"150","159"
"150","160"
"150","162"
"150","164"
"150","166"
"150","167"
"150","168"
"150","169"
"150","243"
"150","244"
"150","248"
"150","251"
"150","252"
"150","253"
"150","255"
"150","256"
"151","154"
"151","155"
"151","156"
"151","159"
"151","160"
"151","162"
"151","164"
"151","166"
"151","167"
"151","243"
"151","244"
"151","248"
"151","255"
"151","256"
"152","159"
"152","160"
"152","162"
"152","164"
"152","166"
"152","167"
"152","168"
"152","169"
"152","248"
"152","253"
"152","254"
"153","157"
"153","158"
"153","161"
"153","163"
"153","165"
"153","166"
"153","167"
"153","168"
"153","169"
"153","242"
"153","245"
"153","246"
"153","247"
"153","248"
"153","249"
"153","250"
"154","155"
"154","159"
"154","160"
"154","162"
"154","164"
"154","166"
"154","167"
"154","169"
"154","243"
"154","244"
"154","248"
"154","251"
"154","252"
"154","255"
"154","256"
"155","158"
"155","159"
"155","160"
"155","162"
"155","164"
"155","166"
"155","167"
"155","242"
"155","243"
"155","244"
"155","248"
"155","255"
"156","167"
"157","158"
"157","161"
"157","163"
"157","165"
"157","166"
"157","167"
"157","168"
"157","169"
"157","242"
"157","245"
"157","246"
"157","247"
"157","248"
"157","249"
"157","250"
"158","161"
"158","163"
"158","165"
"158","166"
"158","167"
"158","168"
"158","169"
"158","242"
"158","245"
"158","246"
"158","247"
"158","248"
"158","249"
"158","250"
"159","160"
"159","162"
"159","164"
"159","166"
"159","167"
"159","168"
"159","169"
"159","243"
"159","244"
"159","248"
"159","251"
"159","252"
"159","253"
"159","254"
"159","255"
"159","256"
"160","162"
"160","164"
"160","166"
"160","167"
"160","168"
"160","169"
"160","243"
"160","244"
"160","248"
"160","251"
"160","252"
"160","253"
"160","254"
"160","255"
"160","256"
"161","163"
"161","165"
"161","166"
"161","167"
"161","168"
"161","169"
"161","242"
"161","245"
"161","246"
"161","247"
"161","248"
"161","249"
"161","250"
"162","164"
"162","166"
"162","167"
"162","168"
"162","169"
"162","243"
"162","244"
"162","248"
"162","251"
"162","252"
"162","253"
"162","254"
"162","255"
"162","256"
"163","165"
"163","166"
"163","167"
"163","168"
"163","169"
"163","242"
"163","245"
"163","246"
"163","247"
"163","248"
"163","249"
"163","250"
"164","165"
"164","166"
"164","167"
"164","168"
"164","169"
"164","243"
"164","244"
"164","248"
"164","251"
"164","252"
"164","253"
"164","254"
"164","255"
"164","256"
"165","166"
"165","167"
"165","168"
"165","169"
"165","242"
"165","245"
"165","246"
"165","247"
"165","248"
"165","249"
"165","250"
"166","167"
"166","168"
"166","169"
"166","242"
"166","243"
"166","244"
"166","245"
"166","246"
"166","247"
"166","248"
"166","249"
"166","250"
"166","251"
"166","252"
"166","253"
"166","254"
"166","255"
"166","256"
"167","168"
"167","169"
"167","242"
"167","243"
"167","244"
"167","245"
"167","246"
"167","247"
"167","248"
"167","249"
"167","250"
"167","251"
"167","252"
"167","253"
"167","254"
"167","255"
"167","256"
"168","169"
"168","242"
"168","245"
"168","246"
"168","247"
"168","248"
"168","249"
"168","250"
"168","253"
"168","254"
"169","242"
"169","245"
"169","246"
"169","247"
"169","248"
"169","249"
"169","250"
"169","251"
"169","252"
"169","253"
"169","254"
"242","245"
"242","246"
"242","247"
"242","248"
"242","250"
"243","244"
"243","248"
"243","255"
"244","248"
"244","255"
"245","246"
"245","247"
"245","248"
"245","250"
"246","247"
"246","248"
"246","250"
"247","248"
"247","249"
"247","250"
"247","251"
"247","252"
"247","253"
"247","254"
"248","249"
"248","250"
"248","251"
"248","252"
"248","253"
"248","254"
"248","255"
"248","256"
"249","250"
"249","251"
"249","252"
"249","253"
"249","254"
"250","251"
"250","252"
"250","253"
"250","254"
"251","252"
"251","253"
"251","254"
"251","256"
"252","253"
"252","254"
"252","256"
"253","254"
"255","256"
